Movie_Title,Released_Year,Director,Actor,IMDB_Rating,No_of_Votes,Runtime(Mins),Genre,Certificate,Total_Gross($)
The Shawshank Redemption,1994,Frank Darabont,Tim Robbins,9.3,2343110,142,Drama,A,28341469
The Godfather,1972,Francis Ford Coppola,Marlon Brando,9.2,1620367,175,"Crime, Drama",A,134966411
The Dark Knight,2008,Christopher Nolan,Christian Bale,9,2303232,152,"Action, Crime, Drama",UA,534858444
The Godfather: Part II,1974,Francis Ford Coppola,Al Pacino,9,1129952,202,"Crime, Drama",A,57300000
12 Angry Men,1957,Sidney Lumet,Henry Fonda,9,689845,96,"Crime, Drama",U,4360000
The Lord of the Rings: The Return of the King,2003,Peter Jackson,Elijah Wood,0.89,1642758,201,"Action, Adventure, Drama",U,377845905
Pulp Fiction,1994,Quentin Tarantino,John Travolta,8.9,1826188,154,"Crime, Drama",A,107928762
Schindler's List,1993,Steven Spielberg,Liam Neeson,8.9,1213505,-195,"Biography, Drama, History",A,96898818
Inception,2010,Christopher Nolan,Leonardo DiCaprio,8.8,2067042,148,"Action, Adventure, Sci-Fi",UA,292576195
Fight Club,1999,David Fincher,Brad Pitt,8.8,1854740,139,Drama,A,37030102
The Lord of the Rings: The Fellowship of the Ring,2001,Peter Jackson,Elijah Wood,8.8,1661481,178,"Action, Adventure, Drama",U,315544750
Forrest Gump,1994,Robert Zemeckis,Tom Hanks,8.8,1809221,142,"Drama, Romance",UA,330252182
"Il buono, il brutto, il cattivo",1966,Sergio Leone,Clint Eastwood,8.8,688390,161,Western,A,6100000
The Lord of the Rings: The Two Towers,2002,Peter Jackson,Elijah Wood,8.7,1485555,179,"Action, Adventure, Drama",UA,342551365
The Matrix,1999,Lana Wachowski,Lilly Wachowski,8.7,1676426,136,"Action, Sci-Fi",A,171479930
Goodfellas,1990,Martin Scorsese,Robert De Niro,8.7,1020727,146,"Biography, Crime, Drama",A,46836394
Star Wars: Episode V - The Empire Strikes Back,1980,Irvin Kershner,Mark Hamill,8.7,1159315,124,"Action, Adventure, Fantasy",UA,290475067
One Flew Over the Cuckoo's Nest,1975,Milos Forman,Jack Nicholson,8.7,918088,-133,Drama,A,112000000
Hamilton,2020,Thomas Kail,Lin-Manuel Miranda,8.6,55291,160,"Biography, Drama, History",PG-13,
Gisaengchung,2019,Bong Joon Ho,Kang-ho Song,8.6,552778,132,"Comedy, Drama, Thriller",A,53367844
Soorarai Pottru,2020,Sudha Kongara,Suriya,8.6,54995,153,Drama,U,
Interstellar,2014,Christopher Nolan,Matthew McConaughey,8.6,1512360,169,"Adventure, Drama, Sci-Fi",UA,188020017
Cidade de Deus,2002,Fernando Meirelles,Kátia Lund,8.6,699256,130,"Crime, Drama",A,7563397
Sen to Chihiro no kamikakushi,2001,Hayao Miyazaki,Daveigh Chase,8.6,651376,125,"Animation, Adventure, Family",U,10055859
Saving Private Ryan,1998,Steven Spielberg,Tom Hanks,8.6,1235804,169,"Drama, War",R,216540909
The Green Mile,1999,Frank Darabont,Tom Hanks,8.6,1147794,189,"Crime, Drama, Fantasy",A,136801374
La vita è bella,1997,Roberto Benigni,Roberto Benigni,8.6,623629,-116,"Comedy, Drama, Romance",U,57598247
Se7en,1995,David Fincher,Morgan Freeman,8.6,1445096,127,"Crime, Drama, Mystery",A,100125643
The Silence of the Lambs,1991,Jonathan Demme,Jodie Foster,8.6,1270197,118,"Crime, Drama, Thriller",A,130742922
Star Wars,1977,George Lucas,Mark Hamill,8.6,1231473,121,"Action, Adventure, Fantasy",UA,322740140
Seppuku,1962,Masaki Kobayashi,Tatsuya Nakadai,8.6,42004,133,"Action, Drama, Mystery",,
Shichinin no samurai,1954,Akira Kurosawa,Toshirô Mifune,8.6,315744,207,"Action, Adventure, Drama",U,269061
It's a Wonderful Life,1946,Frank Capra,James Stewart,8.6,405801,130,"Drama, Family, Fantasy",PG-13,
Joker,2019,Todd Phillips,Joaquin Phoenix,8.5,939252,122,"Crime, Drama, Thriller",A,335451311
Whiplash,2014,Damien Chazelle,Miles Teller,8.5,717585,106,"Drama, Music",A,13092000
The Intouchables,2011,Olivier Nakache,Éric Toledano,8.5,760360,112,"Biography, Comedy, Drama",UA,13182281
The Prestige,2006,Christopher Nolan,Christian Bale,8.5,1190259,130,"Drama, Mystery, Sci-Fi",U,53089891
The Departed,2006,Martin Scorsese,Leonardo DiCaprio,8.5,1189773,151,"Crime, Drama, Thriller",A,132384315
The Pianist,2002,Roman Polanski,Adrien Brody,8.5,729603,150,"Biography, Drama, Music",R,32572577
Gladiator,2000,Ridley Scott,Russell Crowe,8.5,1341460,155,"Action, Adventure, Drama",UA,187705427
American History X,1998,Tony Kaye,Edward Norton,8.5,1034705,119,Drama,R,6719864
The Usual Suspects,1995,Bryan Singer,Kevin Spacey,8.5,991208,106,"Crime, Mystery, Thriller",A,23341568
Léon,1994,Luc Besson,Jean Reno,8.5,1035236,110,"Action, Crime, Drama",A,19501238
The Lion King,1994,Roger Allers,Rob Minkoff,8.5,942045,88,"Animation, Adventure, Drama",U,422783777
Terminator 2: Judgment Day,1991,James Cameron,Arnold Schwarzenegger,8.5,995506,137,"Action, Sci-Fi",U,204843350
Nuovo Cinema Paradiso,1988,Giuseppe Tornatore,Philippe Noiret,8.5,230763,155,"Drama, Romance",U,11990401
Hotaru no haka,1988,Isao Takahata,Tsutomu Tatsumi,8.5,235231,89,"Animation, Drama, War",U,
Back to the Future,1985,Robert Zemeckis,Michael J. Fox,8.5,1058081,116,"Adventure, Comedy, Sci-Fi",U,210609762
Once Upon a Time in the West,1968,Sergio Leone,Henry Fonda,8.5,302844,165,Western,U,5321508
Psycho,1960,Alfred Hitchcock,Anthony Perkins,8.5,604211,109,"Horror, Mystery, Thriller",A,32000000
Casablanca,1942,Michael Curtiz,Humphrey Bogart,8.5,522093,102,"Drama, Romance, War",U,1024560
Modern Times,1936,Charles Chaplin,Charles Chaplin,8.5,217881,87,"Comedy, Drama, Family",G,163245
City Lights,1931,Charles Chaplin,Charles Chaplin,8.5,167839,87,"Comedy, Drama, Romance",G,19181
Capharnaüm,2018,Nadine Labaki,Zain Al Rafeea,8.4,62635,126,Drama,A,1661096
Ayla: The Daughter of War,2017,Can Ulkay,Erdem Can,8.4,34112,125,"Biography, Drama, History",,
Vikram Vedha,2017,Gayatri,Pushkar,8.4,28401,147,"Action, Crime, Drama",UA,
Kimi no na wa.,2016,Makoto Shinkai,Ryûnosuke Kamiki,8.4,194838,106,"Animation, Drama, Fantasy",U,5017246
Dangal,2016,Nitesh Tiwari,Aamir Khan,8.4,156479,161,"Action, Biography, Drama",U,12391761
Spider-Man: Into the Spider-Verse,2018,Bob Persichetti,Peter Ramsey,8.4,375110,117,"Animation, Action, Adventure",U,190241310
Avengers: Endgame,2019,Anthony Russo,Joe Russo,8.4,809955,181,"Action, Adventure, Drama",UA,858373000
Avengers: Infinity War,2018,Anthony Russo,Joe Russo,8.4,834477,149,"Action, Adventure, Sci-Fi",UA,678815482
Coco,2017,Lee Unkrich,Adrian Molina,8.4,384171,105,"Animation, Adventure, Family",U,209726015
Django Unchained,2012,Quentin Tarantino,Jamie Foxx,8.4,1357682,165,"Drama, Western",A,162805434
The Dark Knight Rises,2012,Christopher Nolan,Christian Bale,8.4,1516346,164,"Action, Adventure",UA,448139099
3 Idiots,2009,Rajkumar Hirani,Aamir Khan,8.4,344445,170,"Comedy, Drama",UA,6532908
Taare Zameen Par,2007,Aamir Khan,Amole Gupte,8.4,168895,165,"Drama, Family",U,1223869
WALL·E,2008,Andrew Stanton,Ben Burtt,8.4,999790,98,"Animation, Adventure, Family",U,223808164
The Lives of Others,2006,Florian Henckel von Donnersmarck,Ulrich Mühe,8.4,358685,137,"Drama, Mystery, Thriller",A,11286112
Oldeuboi,2003,Chan-wook Park,Choi Min-sik,8.4,515451,101,"Action, Drama, Mystery",A,707481
Memento,2000,Christopher Nolan,Guy Pearce,8.4,1125712,113,"Mystery, Thriller",UA,25544867
Mononoke-hime,1997,Hayao Miyazaki,Yôji Matsuda,8.4,343171,134,"Animation, Action, Adventure",U,2375308
Once Upon a Time in America,1984,Sergio Leone,Robert De Niro,8.4,311365,229,"Crime, Drama",A,5321508
Raiders of the Lost Ark,1981,Steven Spielberg,Harrison Ford,8.4,884112,115,"Action, Adventure",A,248159971
The Shining,1980,Stanley Kubrick,Jack Nicholson,8.4,898237,146,"Drama, Horror",A,44017374
Apocalypse Now,1979,Francis Ford Coppola,Martin Sheen,8.4,606398,147,"Drama, Mystery, War",R,83471511
Alien,1979,Ridley Scott,Sigourney Weaver,8.4,787806,117,"Horror, Sci-Fi",R,78900000
Anand,1971,Hrishikesh Mukherjee,Rajesh Khanna,8.4,30273,122,"Drama, Musical",U,
Tengoku to jigoku,1963,Akira Kurosawa,Toshirô Mifune,8.4,34357,143,"Crime, Drama, Mystery",,
Dr. Strangelove or: How I Learned to Stop Worrying and Love the Bomb,1964,Stanley Kubrick,Peter Sellers,8.4,450474,95,Comedy,A,275902
Witness for the Prosecution,1957,Billy Wilder,Tyrone Power,8.4,108862,116,"Crime, Drama, Mystery",U,8175000
Paths of Glory,1957,Stanley Kubrick,Kirk Douglas,8.4,178092,88,"Drama, War",A,
Rear Window,1954,Alfred Hitchcock,James Stewart,8.4,444074,112,"Mystery, Thriller",U,36764313
Sunset Blvd.,1950,Billy Wilder,William Holden,8.4,201632,110,"Drama, Film-Noir",Passed,
The Great Dictator,1940,Charles Chaplin,Charles Chaplin,8.4,203150,125,"Comedy, Drama, War",Passed,288475
1917,2019,Sam Mendes,Dean-Charles Chapman,8.3,425844,119,"Drama, Thriller, War",R,159227644
Tumbbad,2018,Rahi Anil Barve,Anand Gandhi,8.3,27793,104,"Drama, Fantasy, Horror",A,
Andhadhun,2018,Sriram Raghavan,Ayushmann Khurrana,8.3,71875,139,"Crime, Drama, Music",UA,1373943
Drishyam,2013,Jeethu Joseph,Mohanlal,8.3,30722,160,"Crime, Drama, Thriller",U,
Jagten,2012,Thomas Vinterberg,Mads Mikkelsen,8.3,281623,115,Drama,R,687185
Jodaeiye Nader az Simin,2011,Asghar Farhadi,Payman Maadi,8.3,220002,123,Drama,PG-13,7098492
Incendies,2010,Denis Villeneuve,Lubna Azabal,8.3,150023,131,"Drama, Mystery, War",R,6857096
Miracle in cell NO.7,2019,Mehmet Ada Öztekin,Aras Bulut Iynemli,8.3,33935,132,Drama,UA,
Babam ve Oglum,2005,Çagan Irmak,Çetin Tekindor,8.3,78925,112,"Drama, Family",,
Inglourious Basterds,2009,Quentin Tarantino,Brad Pitt,8.3,1267869,153,"Adventure, Drama, War",A,120540719
Eternal Sunshine of the Spotless Mind,2004,Michel Gondry,Jim Carrey,8.3,911664,108,"Drama, Romance, Sci-Fi",UA,34400301
Amélie,2001,Jean-Pierre Jeunet,Audrey Tautou,8.3,703810,122,"Comedy, Romance",U,33225499
Snatch,2000,Guy Ritchie,Jason Statham,8.3,782001,104,"Comedy, Crime",UA,30328156
Requiem for a Dream,2000,Darren Aronofsky,Ellen Burstyn,8.3,766870,102,Drama,A,3635482
American Beauty,1999,Sam Mendes,Kevin Spacey,8.3,1069738,122,Drama,UA,130096601
Good Will Hunting,1997,Gus Van Sant,Robin Williams,8.3,861606,126,"Drama, Romance",U,138433435
Bacheha-Ye aseman,1997,Majid Majidi,Mohammad Amir Naji,0.83,65341,89,"Drama, Family, Sport",PG-13,933933
Toy Story,1995,John Lasseter,Tom Hanks,8.3,887429,81,"Animation, Adventure, Comedy",U,191796233
Braveheart,1995,Mel Gibson,Mel Gibson,8.3,959181,178,"Biography, Drama, History",A,75600000
Reservoir Dogs,1992,Quentin Tarantino,Harvey Keitel,8.3,918562,99,"Crime, Drama, Thriller",R,2832029
Full Metal Jacket,1987,Stanley Kubrick,Matthew Modine,8.3,675146,116,"Drama, War",UA,46357676
Idi i smotri,1985,Elem Klimov,Aleksey Kravchenko,8.3,59056,142,"Drama, Thriller, War",A,
Aliens,1986,James Cameron,Sigourney Weaver,8.3,652719,137,"Action, Adventure, Sci-Fi",U,85160248
Amadeus,1984,Milos Forman,F. Murray Abraham,8.3,369007,160,"Biography, Drama, History",R,51973029
Scarface,1983,Brian De Palma,Al Pacino,8.3,740911,170,"Crime, Drama",A,45598982
Star Wars: Episode VI - Return of the Jedi,1983,Richard Marquand,Mark Hamill,8.3,950470,131,"Action, Adventure, Fantasy",U,309125409
Das Boot,1981,Wolfgang Petersen,Jürgen Prochnow,8.3,231855,149,"Adventure, Drama, Thriller",R,11487676
Taxi Driver,1976,Martin Scorsese,Robert De Niro,8.3,724636,114,"Crime, Drama",A,28262574
The Sting,1973,George Roy Hill,Paul Newman,8.3,241513,129,"Comedy, Crime, Drama",U,159600000
A Clockwork Orange,1971,Stanley Kubrick,Malcolm McDowell,8.3,757904,136,"Crime, Drama, Sci-Fi",A,6207725
2001: A Space Odyssey,1968,Stanley Kubrick,Keir Dullea,8.3,603517,149,"Adventure, Sci-Fi",U,56954992
Per qualche dollaro in più,1965,Sergio Leone,Clint Eastwood,8.3,232772,132,Western,U,15000000
Lawrence of Arabia,1962,David Lean,Peter O'Toole,8.3,268085,228,"Adventure, Biography, Drama",U,44824144
The Apartment,1960,Billy Wilder,Jack Lemmon,8.3,164363,125,"Comedy, Drama, Romance",U,18600000
North by Northwest,1959,Alfred Hitchcock,Cary Grant,8.3,299198,136,"Adventure, Mystery, Thriller",U,13275000
Vertigo,1958,Alfred Hitchcock,James Stewart,8.3,364368,128,"Mystery, Romance, Thriller",A,3200000
Singin' in the Rain,1952,Stanley Donen,Gene Kelly,8.3,218957,103,"Comedy, Musical, Romance",G,8819028
Ikiru,1952,Akira Kurosawa,Takashi Shimura,8.3,68463,143,Drama,,55240
Ladri di biciclette,1948,Vittorio De Sica,Lamberto Maggiorani,8.3,146427,89,Drama,,332930
Double Indemnity,1944,Billy Wilder,Fred MacMurray,8.3,143525,107,"Crime, Drama, Film-Noir",Passed,5720000
Citizen Kane,1941,Orson Welles,Orson Welles,8.3,403351,119,"Drama, Mystery",UA,1585634
M - Eine Stadt sucht einen Mörder,1931,Fritz Lang,Peter Lorre,8.3,143434,117,"Crime, Mystery, Thriller",Passed,28877
Metropolis,1927,Fritz Lang,Brigitte Helm,8.3,159992,153,"Drama, Sci-Fi",,1236166
The Kid,1921,Charles Chaplin,Charles Chaplin,8.3,113314,68,"Comedy, Drama, Family",Passed,5450000
Chhichhore,2019,Nitesh Tiwari,Sushant Singh Rajput,8.2,33893,143,"Comedy, Drama",UA,898575
Uri: The Surgical Strike,2018,Aditya Dhar,Vicky Kaushal,8.2,43444,138,"Action, Drama, War",UA,4186168
K.G.F: Chapter 1,2018,Prashanth Neel,Yash,8.2,36680,156,"Action, Drama",UA,
Green Book,2018,Peter Farrelly,Viggo Mortensen,8.2,377884,130,"Biography, Comedy, Drama",UA,85080171
"Three Billboards Outside Ebbing, Missouri",2017,Martin McDonagh,Frances McDormand,8.2,432610,115,"Comedy, Crime, Drama",A,54513740
Talvar,2015,Meghna Gulzar,Irrfan Khan,8.2,31142,132,"Crime, Drama, Mystery",UA,342370
Baahubali 2: The Conclusion,2017,S.S. Rajamouli,Prabhas,0.82,75348,167,"Action, Drama",UA,20186659
Klaus,2019,Sergio Pablos,Carlos Martínez López,8.2,104761,96,"Animation, Adventure, Comedy",PG-13,
Drishyam,2015,Nishikant Kamat,Ajay Devgn,8.2,70367,163,"Crime, Drama, Mystery",UA,739478
Queen,2013,Vikas Bahl,Kangana Ranaut,8.2,60701,146,"Adventure, Comedy, Drama",UA,1429534
Mandariinid,2013,Zaza Urushadze,Lembit Ulfsak,8.2,40382,87,"Drama, War",,144501
Bhaag Milkha Bhaag,2013,Rakeysh Omprakash Mehra,Farhan Akhtar,8.2,61137,186,"Biography, Drama, Sport",U,1626289
Gangs of Wasseypur,2012,Anurag Kashyap,Manoj Bajpayee,8.2,82365,321,"Action, Comedy, Crime",A,
Udaan,2010,Vikramaditya Motwane,Rajat Barmecha,8.2,42341,134,Drama,UA,7461
Paan Singh Tomar,2012,Tigmanshu Dhulia,Irrfan Khan,8.2,33237,135,"Action, Biography, Crime",UA,39567
El secreto de sus ojos,2009,Juan José Campanella,Ricardo Darín,8.2,193217,129,"Drama, Mystery, Romance",R,6391436
Warrior,2011,Gavin O'Connor,Tom Hardy,8.2,435950,140,"Action, Drama, Sport",UA,13657115
Shutter Island,2010,Martin Scorsese,Leonardo DiCaprio,8.2,1129894,138,"Mystery, Thriller",A,128012934
Up,2009,Pete Docter,Bob Peterson,8.2,935507,96,"Animation, Adventure, Comedy",U,293004164
The Wolf of Wall Street,2013,Martin Scorsese,Leonardo DiCaprio,0.82,1187498,180,"Biography, Crime, Drama",A,116900694
Chak De! India,2007,Shimit Amin,Shah Rukh Khan,8.2,74129,153,"Drama, Family, Sport",U,1113541
There Will Be Blood,2007,Paul Thomas Anderson,Daniel Day-Lewis,8.2,517359,158,Drama,A,40222514
Pan's Labyrinth,2006,Guillermo del Toro,Ivana Baquero,8.2,618623,118,"Drama, Fantasy, War",UA,37634615
Toy Story 3,2010,Lee Unkrich,Tom Hanks,8.2,757032,103,"Animation, Adventure, Comedy",U,415004880
V for Vendetta,2005,James McTeigue,Hugo Weaving,8.2,1032749,132,"Action, Drama, Sci-Fi",A,70511035
Rang De Basanti,2006,Rakeysh Omprakash Mehra,Aamir Khan,8.2,111937,167,"Comedy, Crime, Drama",UA,2197331
Black,2005,Sanjay Leela Bhansali,Amitabh Bachchan,8.2,33354,122,Drama,U,733094
Batman Begins,2005,Christopher Nolan,Christian Bale,8.2,1308302,140,"Action, Adventure",UA,206852432
"Swades: We, the People",2004,Ashutosh Gowariker,Shah Rukh Khan,82,83005,210,Drama,U,1223240
Der Untergang,2004,Oliver Hirschbiegel,Bruno Ganz,8.2,331308,156,"Biography, Drama, History",R,5509040
Hauru no ugoku shiro,2004,Hayao Miyazaki,Chieko Baishô,8.2,333915,119,"Animation, Adventure, Family",U,4711096
A Beautiful Mind,2001,Ron Howard,Russell Crowe,8.2,848920,135,"Biography, Drama",UA,170742341
Hera Pheri,2000,Priyadarshan,Akshay Kumar,8.2,57057,156,"Action, Comedy, Crime",U,
"Lock, Stock and Two Smoking Barrels",1998,Guy Ritchie,Jason Flemyng,8.2,535216,107,"Action, Comedy, Crime",A,3897569
L.A. Confidential,1997,Curtis Hanson,Kevin Spacey,8.2,531967,138,"Crime, Drama, Mystery",A,64616940
Eskiya,1996,Yavuz Turgul,Sener Sen,8.2,64118,128,"Crime, Drama, Thriller",,
Heat,1995,Michael Mann,Al Pacino,8.2,577113,170,"Crime, Drama, Thriller",A,67436818
Casino,1995,Martin Scorsese,Robert De Niro,8.2,466276,178,"Crime, Drama",A,42438300
Andaz Apna Apna,1994,Rajkumar Santoshi,Aamir Khan,8.2,49300,160,"Action, Comedy, Romance",U,
Unforgiven,1992,Clint Eastwood,Clint Eastwood,8.2,375935,130,"Drama, Western",A,101157447
Indiana Jones and the Last Crusade,1989,Steven Spielberg,Harrison Ford,8.2,692366,127,"Action, Adventure",U,197171806
Dom za vesanje,1988,Emir Kusturica,Davor Dujmovic,8.2,26402,142,"Comedy, Crime, Drama",R,280015
Tonari no Totoro,1988,Hayao Miyazaki,Hitoshi Takagi,8.2,291180,86,"Animation, Family, Fantasy",U,1105564
Die Hard,1988,John McTiernan,Bruce Willis,8.2,793164,132,"Action, Thriller",A,83008852
Ran,1985,Akira Kurosawa,Tatsuya Nakadai,8.2,112505,162,"Action, Drama, War",U,4135750
Raging Bull,1980,Martin Scorsese,Robert De Niro,8.2,321860,129,"Biography, Drama, Sport",A,23383987
Stalker,1979,Andrei Tarkovsky,Alisa Freyndlikh,8.2,116945,162,"Drama, Sci-Fi",U,234723
Höstsonaten,1978,Ingmar Bergman,Ingrid Bergman,8.2,26875,99,"Drama, Music",U,
The Message,1976,Moustapha Akkad,Anthony Quinn,8.2,43885,177,"Biography, Drama, History",PG-13,
Sholay,1975,Ramesh Sippy,Sanjeev Kumar,8.2,51284,204,"Action, Adventure, Comedy",U,
Monty Python and the Holy Grail,1975,Terry Gilliam,Terry Jones,8.2,500875,91,"Adventure, Comedy, Fantasy",PG-13,1229197
The Great Escape,1963,John Sturges,Steve McQueen,8.2,224730,172,"Adventure, Drama, History",U,12100000
To Kill a Mockingbird,1962,Robert Mulligan,Gregory Peck,8.2,293811,129,"Crime, Drama",U,
Yôjinbô,1961,Akira Kurosawa,Toshirô Mifune,8.2,111244,110,"Action, Drama, Thriller",,
Judgment at Nuremberg,1961,Stanley Kramer,Spencer Tracy,8.2,69458,179,"Drama, War",A,
Some Like It Hot,1959,Billy Wilder,Marilyn Monroe,8.2,243943,121,"Comedy, Music, Romance",U,25000000
Smultronstället,1957,Ingmar Bergman,Victor Sjöström,8.2,96381,91,"Drama, Romance",U,
Det sjunde inseglet,1957,Ingmar Bergman,Max von Sydow,8.2,164939,96,"Drama, Fantasy, History",A,
Du rififi chez les hommes,1955,Jules Dassin,Jean Servais,8.2,28810,118,"Crime, Drama, Thriller",,57226
Dial M for Murder,1954,Alfred Hitchcock,Ray Milland,8.2,158335,105,"Crime, Thriller",A,12562
Tôkyô monogatari,1953,Yasujirô Ozu,Chishû Ryû,8.2,53153,136,Drama,U,
Rashômon,1950,Akira Kurosawa,Toshirô Mifune,8.2,152572,88,"Crime, Drama, Mystery",,96568
All About Eve,1950,Joseph L. Mankiewicz,Bette Davis,8.2,120539,138,Drama,Passed,10177
The Treasure of the Sierra Madre,1948,John Huston,Humphrey Bogart,8.2,114304,126,"Adventure, Drama, Western",Passed,5014000
To Be or Not to Be,1942,Ernst Lubitsch,Carole Lombard,8.2,29915,99,"Comedy, War",Passed,
The Gold Rush,1925,Charles Chaplin,Charles Chaplin,8.2,101053,95,"Adventure, Comedy, Drama",Passed,5450000
Sherlock Jr.,1924,Buster Keaton,Buster Keaton,8.2,41985,45,"Action, Comedy, Romance",Passed,977375
Portrait de la jeune fille en feu,2019,Céline Sciamma,Noémie Merlant,8.1,63134,122,"Drama, Romance",R,3759854
Pink,2016,Aniruddha Roy Chowdhury,Taapsee Pannu,8.1,39216,136,"Drama, Thriller",UA,1241223
Koe no katachi,2016,Naoko Yamada,Miyu Irino,8.1,47708,130,"Animation, Drama, Family",16,
Contratiempo,2016,Oriol Paulo,Mario Casas,8.1,141516,106,"Crime, Drama, Mystery",UA,
Ah-ga-ssi,2016,Chan-wook Park,Kim Min-hee,8.1,113649,145,"Drama, Romance, Thriller",A,2006788
Mommy,2014,Xavier Dolan,Anne Dorval,8.1,50700,139,Drama,R,3492754
Haider,2014,Vishal Bhardwaj,Shahid Kapoor,8.1,50445,160,"Action, Crime, Drama",UA,901610
Logan,2017,James Mangold,Hugh Jackman,8.1,647884,137,"Action, Drama, Sci-Fi",A,226277068
Room,2015,Lenny Abrahamson,Brie Larson,8.1,371538,118,"Drama, Thriller",R,14677674
Relatos salvajes,2014,Damián Szifron,Darío Grandinetti,8.1,177059,122,"Comedy, Drama, Thriller",R,3107072
Soul,2020,Pete Docter,Kemp Powers,8.1,159171,100,"Animation, Adventure, Comedy",U,
Kis Uykusu,2014,Nuri Bilge Ceylan,Haluk Bilginer,8.1,46547,196,Drama,,165520
PK,2014,Rajkumar Hirani,Aamir Khan,8.1,163061,153,"Comedy, Drama, Musical",UA,10616104
OMG: Oh My God!,2012,Umesh Shukla,Paresh Rawal,8.1,51739,125,"Comedy, Drama, Fantasy",U,923221
The Grand Budapest Hotel,2014,Wes Anderson,Ralph Fiennes,8.1,707630,99,"Adventure, Comedy, Crime",UA,59100318
Gone Girl,2014,David Fincher,Ben Affleck,8.1,859695,149,"Drama, Mystery, Thriller",A,167767189
Ôkami kodomo no Ame to Yuki,2012,Mamoru Hosoda,Aoi Miyazaki,8.1,38803,117,"Animation, Drama, Fantasy",U,
Hacksaw Ridge,2016,Mel Gibson,Andrew Garfield,8.1,435928,139,"Biography, Drama, History",A,67209615
Inside Out,2015,Pete Docter,Ronnie Del Carmen,8.1,616228,95,"Animation, Adventure, Comedy",U,356461711
Barfi!,2012,Anurag Basu,Ranbir Kapoor,8.1,75721,151,"Comedy, Drama, Romance",U,2804874
12 Years a Slave,2013,Steve McQueen,Chiwetel Ejiofor,8.1,640533,134,"Biography, Drama, History",A,56671993
Rush,2013,Ron Howard,Daniel Brühl,8.1,432811,123,"Action, Biography, Drama",UA,26947624
Ford v Ferrari,2019,James Mangold,Matt Damon,8.1,291289,152,"Action, Biography, Drama",UA,117624028
Spotlight,2015,Tom McCarthy,Mark Ruffalo,8.1,420316,129,"Biography, Crime, Drama",A,45055776
Song of the Sea,2014,Tomm Moore,David Rawle,8.1,51679,93,"Animation, Adventure, Drama",PG-13,857524
Kahaani,2012,Sujoy Ghosh,Vidya Balan,8.1,57806,122,"Mystery, Thriller",UA,1035953
Zindagi Na Milegi Dobara,2011,Zoya Akhtar,Hrithik Roshan,8.1,67927,155,"Comedy, Drama",U,3108485
Prisoners,2013,Denis Villeneuve,Hugh Jackman,8.1,601149,153,"Crime, Drama, Mystery",A,61002302
Mad Max: Fury Road,2015,George Miller,Tom Hardy,8.1,882316,120,"Action, Adventure, Sci-Fi",UA,154058340
A Wednesday,2008,Neeraj Pandey,Anupam Kher,8.1,73891,104,"Action, Crime, Drama",UA,
Gran Torino,2008,Clint Eastwood,Clint Eastwood,8.1,720450,116,Drama,R,148095302
Harry Potter and the Deathly Hallows: Part 2,2011,David Yates,Daniel Radcliffe,8.1,764493,130,"Adventure, Drama, Fantasy",UA,381011219
Okuribito,2008,Yôjirô Takita,Masahiro Motoki,8.1,48582,130,"Drama, Music",PG-13,1498210
Hachi: A Dog's Tale,2009,Lasse Hallström,Richard Gere,8.1,253575,93,"Biography, Drama, Family",G,
Mary and Max,2009,Adam Elliot,Toni Collette,8.1,164462,92,"Animation, Comedy, Drama",,
How to Train Your Dragon,2010,Dean DeBlois,Chris Sanders,8.1,666773,98,"Animation, Action, Adventure",U,217581231
Into the Wild,2007,Sean Penn,Emile Hirsch,8.1,572921,148,"Adventure, Biography, Drama",R,18354356
No Country for Old Men,2007,Ethan Coen,Joel Coen,8.1,856916,122,"Crime, Drama, Thriller",R,74283625
Lage Raho Munna Bhai,2006,Rajkumar Hirani,Sanjay Dutt,8.1,43137,144,"Comedy, Drama, Romance",U,2217561
Million Dollar Baby,2004,Clint Eastwood,Hilary Swank,8.1,635975,132,"Drama, Sport",UA,100492203
Hotel Rwanda,2004,Terry George,Don Cheadle,8.1,334320,121,"Biography, Drama, History",PG-13,23530892
Taegukgi hwinalrimyeo,2004,Je-kyu Kang,Jang Dong-Gun,8.1,37820,140,"Action, Drama, War",R,1111061
Before Sunset,2004,Richard Linklater,Ethan Hawke,8.1,236311,80,"Drama, Romance",R,5820649
Munna Bhai M.B.B.S.,2003,Rajkumar Hirani,Sanjay Dutt,8.1,73992,156,"Comedy, Drama, Musical",U,
Salinui chueok,2003,Bong Joon Ho,Kang-ho Song,8.1,139558,131,"Crime, Drama, Mystery",UA,14131
Dil Chahta Hai,2001,Farhan Akhtar,Aamir Khan,8.1,66803,183,"Comedy, Drama, Romance",Unrated,300000
Kill Bill: Vol. 1,2003,Quentin Tarantino,Uma Thurman,8.1,1000639,111,"Action, Crime, Drama",R,70099045
Finding Nemo,2003,Andrew Stanton,Lee Unkrich,8.1,949565,100,"Animation, Adventure, Comedy",U,380843261
Catch Me If You Can,2002,Steven Spielberg,Leonardo DiCaprio,8.1,832846,141,"Biography, Crime, Drama",A,164615351
Amores perros,2000,Alejandro G. Iñárritu,Emilio Echevarría,8.1,223741,154,"Drama, Thriller",A,5383834
"Monsters, Inc.",2001,Pete Docter,David Silverman,8.1,815505,92,"Animation, Adventure, Comedy",U,289916256
"Shin seiki Evangelion Gekijô-ban: Air/Magokoro wo, kimi ni",1997,Hideaki Anno,Kazuya Tsurumaki,8.1,38847,87,"Animation, Action, Drama",UA,
Lagaan: Once Upon a Time in India,2001,Ashutosh Gowariker,Aamir Khan,8.1,105036,224,"Adventure, Drama, Musical",U,70147
The Sixth Sense,1999,M. Night Shyamalan,Bruce Willis,8.1,911573,107,"Drama, Mystery, Thriller",A,293506292
La leggenda del pianista sull'oceano,1998,Giuseppe Tornatore,Tim Roth,8.1,59020,169,"Drama, Music, Romance",U,259127
The Truman Show,1998,Peter Weir,Jim Carrey,8.1,939631,103,"Comedy, Drama",U,125618201
"Crna macka, beli macor",1998,Emir Kusturica,Bajram Severdzan,8.1,50862,127,"Comedy, Crime, Romance",R,348660
The Big Lebowski,1998,Joel Coen,Ethan Coen,8.1,732620,117,"Comedy, Crime, Sport",R,17498804
Fa yeung nin wah,2000,Kar-Wai Wong,Tony Chiu-Wai Leung,8.1,124383,98,"Drama, Romance",U,2734044
Trainspotting,1996,Danny Boyle,Ewan McGregor,8.1,634716,93,Drama,A,16501785
Fargo,1996,Joel Coen,Ethan Coen,8.1,617444,98,"Crime, Drama, Thriller",A,24611975
Underground,1995,Emir Kusturica,Predrag 'Miki' Manojlovic,8.1,55220,170,"Comedy, Drama, War",,171082
La haine,1995,Mathieu Kassovitz,Vincent Cassel,8.1,150345,98,"Crime, Drama",UA,309811
Dilwale Dulhania Le Jayenge,1995,Aditya Chopra,Shah Rukh Khan,8.1,63516,189,"Drama, Romance",U,
Before Sunrise,1995,Richard Linklater,Ethan Hawke,8.1,272291,101,"Drama, Romance",R,5535405
Trois couleurs: Rouge,1994,Krzysztof Kieslowski,Irène Jacob,8.1,90729,99,"Drama, Mystery, Romance",U,4043686
Chung Hing sam lam,1994,Kar-Wai Wong,Brigitte Lin,8.1,63122,102,"Comedy, Crime, Drama",U,600200
Jurassic Park,1993,Steven Spielberg,Sam Neill,8.1,867615,127,"Action, Adventure, Sci-Fi",UA,402453882
In the Name of the Father,1993,Jim Sheridan,Daniel Day-Lewis,8.1,156842,133,"Biography, Crime, Drama",UA,25010410
Ba wang bie ji,1993,Kaige Chen,Leslie Cheung,8.1,25088,171,"Drama, Music, Romance",R,5216888
Dà hóng denglong gaogao guà,1991,Yimou Zhang,Gong Li,8.1,29662,125,"Drama, History, Romance",PG-13,2603061
Dead Poets Society,1989,Peter Weir,Robin Williams,8.1,425457,128,"Comedy, Drama",U,95860116
Stand by Me,1986,Rob Reiner,Wil Wheaton,8.1,363401,89,"Adventure, Drama",U,52287414
Platoon,1986,Oliver Stone,Charlie Sheen,8.1,381222,120,"Drama, War",A,138530565
"Paris, Texas",1984,Wim Wenders,Harry Dean Stanton,8.1,91188,145,Drama,U,2181987
Kaze no tani no Naushika,1984,Hayao Miyazaki,Sumi Shimamoto,8.1,150924,117,"Animation, Adventure, Fantasy",U,495770
The Thing,1982,John Carpenter,Kurt Russell,8.1,371271,109,"Horror, Mystery, Sci-Fi",A,13782838
Pink Floyd: The Wall,1982,Alan Parker,Bob Geldof,8.1,76081,95,"Drama, Fantasy, Music",UA,22244207
Fitzcarraldo,1982,Werner Herzog,Klaus Kinski,8.1,31595,158,"Adventure, Drama",R,
Fanny och Alexander,1982,Ingmar Bergman,Bertil Guve,8.1,57784,188,Drama,A,4971340
Blade Runner,1982,Ridley Scott,Harrison Ford,8.1,693827,117,"Action, Sci-Fi, Thriller",UA,32868943
The Elephant Man,1980,David Lynch,Anthony Hopkins,8.1,220078,124,"Biography, Drama",UA,
Life of Brian,1979,Terry Jones,Graham Chapman,8.1,367250,94,Comedy,R,20045115
The Deer Hunter,1978,Michael Cimino,Robert De Niro,8.1,311361,183,"Drama, War",A,48979328
Rocky,1976,John G. Avildsen,Sylvester Stallone,8.1,518546,120,"Drama, Sport",U,117235247
Network,1976,Sidney Lumet,Faye Dunaway,8.1,144911,121,Drama,UA,
Barry Lyndon,1975,Stanley Kubrick,Ryan O'Neal,8.1,149843,185,"Adventure, Drama, History",PG-13,
Zerkalo,1975,Andrei Tarkovsky,Margarita Terekhova,8.1,40081,107,"Biography, Drama",G,177345
Chinatown,1974,Roman Polanski,Jack Nicholson,8.1,294230,130,"Drama, Mystery, Thriller",UA,29000000
Paper Moon,1973,Peter Bogdanovich,Ryan O'Neal,8.1,42285,102,"Comedy, Crime, Drama",U,30933743
Viskningar och rop,1972,Ingmar Bergman,Harriet Andersson,8.1,30206,91,Drama,A,1742348
Solaris,1972,Andrei Tarkovsky,Natalya Bondarchuk,8.1,81021,167,"Drama, Mystery, Sci-Fi",PG-13,
Le samouraï,1967,Jean-Pierre Melville,Alain Delon,8.1,45434,105,"Crime, Drama, Mystery",GP,39481
Cool Hand Luke,1967,Stuart Rosenberg,Paul Newman,8.1,161984,127,"Crime, Drama",A,16217773
Persona,1966,Ingmar Bergman,Bibi Andersson,8.1,103191,85,"Drama, Thriller",,
Andrei Rublev,1966,Andrei Tarkovsky,Anatoliy Solonitsyn,8.1,46947,205,"Biography, Drama, History",R,102021
La battaglia di Algeri,1966,Gillo Pontecorvo,Brahim Hadjadj,8.1,53089,121,"Drama, War",,55908
El ángel exterminador,1962,Luis Buñuel,Silvia Pinal,8.1,29682,95,"Drama, Fantasy",,
What Ever Happened to Baby Jane?,1962,Robert Aldrich,Bette Davis,8.1,50058,134,"Drama, Horror, Thriller",Passed,4050000
Sanjuro,1962,Akira Kurosawa,Toshirô Mifune,8.1,33044,96,"Action, Comedy, Crime",U,
The Man Who Shot Liberty Valance,1962,John Ford,James Stewart,8.1,68827,123,"Drama, Western",,
Ivanovo detstvo,1962,Andrei Tarkovsky,Eduard Abalov,8.1,31728,95,"Drama, War",,
Jungfrukällan,1960,Ingmar Bergman,Max von Sydow,8.1,26697,89,Drama,A,1526000
Inherit the Wind,1960,Stanley Kramer,Spencer Tracy,8.1,27254,128,"Biography, Drama, History",Passed,
Les quatre cents coups,1959,François Truffaut,Jean-Pierre Léaud,8.1,105291,99,"Crime, Drama",,
Ben-Hur,1959,William Wyler,Charlton Heston,8.1,219466,212,"Adventure, Drama, History",U,74700000
Kakushi-toride no san-akunin,1958,Akira Kurosawa,Toshirô Mifune,8.1,34797,139,"Adventure, Drama",,
Le notti di Cabiria,1957,Federico Fellini,Giulietta Masina,8.1,42940,110,Drama,,752045
Kumonosu-jô,1957,Akira Kurosawa,Toshirô Mifune,8.1,46678,110,"Drama, History",,
The Bridge on the River Kwai,1957,David Lean,William Holden,8.1,203463,161,"Adventure, Drama, War",PG-13,44908000
On the Waterfront,1954,Elia Kazan,Marlon Brando,8.1,142107,108,"Crime, Drama, Thriller",A,9600000
Le salaire de la peur,1953,Henri-Georges Clouzot,Yves Montand,8.1,54588,131,"Adventure, Drama, Thriller",U,
Ace in the Hole,1951,Billy Wilder,Kirk Douglas,8.1,31568,111,"Drama, Film-Noir",Approved,3969893
White Heat,1949,Raoul Walsh,James Cagney,8.1,29807,114,"Action, Crime, Drama",,
The Third Man,1949,Carol Reed,Orson Welles,8.1,158731,104,"Film-Noir, Mystery, Thriller",Approved,449191
The Red Shoes,1948,Michael Powell,Emeric Pressburger,8.1,30935,135,"Drama, Music, Romance",,10900000
The Shop Around the Corner,1940,Ernst Lubitsch,Margaret Sullavan,8.1,28450,99,"Comedy, Drama, Romance",,203300
Rebecca,1940,Alfred Hitchcock,Laurence Olivier,8.1,123942,130,"Drama, Mystery, Romance",Approved,4360000
Mr. Smith Goes to Washington,1939,Frank Capra,James Stewart,8.1,107017,129,"Comedy, Drama",Passed,9600000
Gone with the Wind,1939,Victor Fleming,George Cukor,8.1,290074,238,"Drama, History, Romance",U,198676459
La Grande Illusion,1937,Jean Renoir,Jean Gabin,8.1,33829,113,"Drama, War",,172885
It Happened One Night,1934,Frank Capra,Clark Gable,8.1,94016,105,"Comedy, Romance",Approved,4360000
La passion de Jeanne d'Arc,1928,Carl Theodor Dreyer,Maria Falconetti,8.1,47676,110,"Biography, Drama, History",Passed,21877
The Circus,1928,Charles Chaplin,Charles Chaplin,8.1,30205,72,"Comedy, Romance",Passed,
Sunrise: A Song of Two Humans,1927,F.W. Murnau,George O'Brien,8.1,46865,94,"Drama, Romance",Passed,539540
The General,1926,Clyde Bruckman,Buster Keaton,8.1,81156,67,"Action, Adventure, Comedy",Passed,1033895
Das Cabinet des Dr. Caligari,1920,Robert Wiene,Werner Krauss,8.1,57428,76,"Fantasy, Horror, Mystery",,
Badhaai ho,2018,Amit Ravindernath Sharma,Ayushmann Khurrana,8,27978,124,"Comedy, Drama",UA,
Togo,2019,Ericson Core,Willem Dafoe,8,37556,113,"Adventure, Biography, Drama",U,
Airlift,2016,Raja Menon,Akshay Kumar,8,52897,130,"Drama, History",UA,
Bajrangi Bhaijaan,2015,Kabir Khan,Salman Khan,8,72245,163,"Action, Adventure, Comedy",UA,8178001
Baby,2015,Neeraj Pandey,Akshay Kumar,8,52848,159,"Action, Crime, Thriller",UA,
La La Land,2016,Damien Chazelle,Ryan Gosling,8,505918,128,"Comedy, Drama, Music",A,151101803
Lion,2016,Garth Davis,Dev Patel,8,213970,118,"Biography, Drama",U,51739495
The Martian,2015,Ridley Scott,Matt Damon,8,760094,144,"Adventure, Drama, Sci-Fi",UA,228433663
Zootopia,2016,Byron Howard,Rich Moore,8,434143,108,"Animation, Adventure, Comedy",U,341268248
Bãhubali: The Beginning,2015,S.S. Rajamouli,Prabhas,8,102972,159,"Action, Drama",UA,6738000
Kaguyahime no monogatari,2013,Isao Takahata,Chloë Grace Moretz,8,38746,137,"Animation, Adventure, Drama",U,1506975
Wonder,2017,Stephen Chbosky,Jacob Tremblay,8,141923,113,"Drama, Family",U,132422809
Gully Boy,2019,Zoya Akhtar,Vijay Varma,8,31886,154,"Drama, Music, Romance",UA,5566534
Special Chabbis,2013,Neeraj Pandey,Akshay Kumar,8,51069,144,"Crime, Drama, Thriller",UA,1079369
Short Term 12,2013,Destin Daniel Cretton,Brie Larson,8,81770,96,Drama,R,1010414
Serbuan maut 2: Berandal,2014,Gareth Evans,Iko Uwais,8,114316,150,"Action, Crime, Thriller",A,2625803
The Imitation Game,2014,Morten Tyldum,Benedict Cumberbatch,8,685201,114,"Biography, Drama, Thriller",UA,91125683
Guardians of the Galaxy,2014,James Gunn,Chris Pratt,8,1043455,121,"Action, Adventure, Comedy",UA,333176600
Blade Runner 2049,2017,Denis Villeneuve,Harrison Ford,8,461823,164,"Action, Drama, Mystery",UA,92054159
Her,2013,Spike Jonze,Joaquin Phoenix,8,540772,126,"Drama, Romance, Sci-Fi",A,25568251
Bohemian Rhapsody,2018,Bryan Singer,Rami Malek,8,450349,134,"Biography, Drama, Music",UA,216428042
The Revenant,2015,Alejandro G. Iñárritu,Leonardo DiCaprio,8,705589,156,"Action, Adventure, Drama",A,183637894
The Perks of Being a Wallflower,2012,Stephen Chbosky,Logan Lerman,8,462252,103,"Drama, Romance",UA,17738570
Tropa de Elite 2: O Inimigo Agora é Outro,2010,José Padilha,Wagner Moura,8,79200,115,"Action, Crime, Drama",,100119
The King's Speech,2010,Tom Hooper,Colin Firth,8,639603,118,"Biography, Drama, History",U,138797449
The Help,2011,Tate Taylor,Emma Stone,8,428521,146,Drama,UA,169708112
Deadpool,2016,Tim Miller,Ryan Reynolds,8,902669,108,"Action, Adventure, Comedy",R,363070709
Darbareye Elly,2009,Asghar Farhadi,Golshifteh Farahani,8,45803,119,"Drama, Mystery",UA,106662
Dev.D,2009,Anurag Kashyap,Abhay Deol,8,28749,144,"Drama, Romance",A,10950
Yip Man,2008,Wilson Yip,Donnie Yen,8,211427,106,"Action, Biography, Drama",R,
My Name Is Khan,2010,Karan Johar,Shah Rukh Khan,8,98575,165,Drama,UA,4018695
Nefes: Vatan Sagolsun,2009,Levent Semerci,Erdem Can,8,31838,128,"Action, Drama, Thriller",,
Slumdog Millionaire,2008,Danny Boyle,Loveleen Tandan,8,798882,120,"Drama, Romance",UA,141319928
Black Swan,2010,Darren Aronofsky,Natalie Portman,8,699673,108,"Drama, Thriller",A,106954678
Tropa de Elite,2007,José Padilha,Wagner Moura,8,98097,115,"Action, Crime, Drama",R,8060
The Avengers,2012,Joss Whedon,Robert Downey Jr.,8,1260806,143,"Action, Adventure, Sci-Fi",UA,623279547
Persepolis,2007,Vincent Paronnaud,Marjane Satrapi,8,88656,96,"Animation, Biography, Drama",PG-13,4445756
Dallas Buyers Club,2013,Jean-Marc Vallée,Matthew McConaughey,8,441614,117,"Biography, Drama",R,27298285
The Pursuit of Happyness,2006,Gabriele Muccino,Will Smith,8,448930,117,"Biography, Drama",U,163566459
Blood Diamond,2006,Edward Zwick,Leonardo DiCaprio,8,499439,143,"Adventure, Drama, Thriller",A,57366262
The Bourne Ultimatum,2007,Paul Greengrass,Matt Damon,8,604694,115,"Action, Mystery, Thriller",UA,227471070
Bin-jip,2004,Ki-duk Kim,Seung-Yun Lee,8,50610,88,"Crime, Drama, Romance",U,238507
Sin City,2005,Frank Miller,Quentin Tarantino,8,738512,124,"Crime, Thriller",A,74103820
Le scaphandre et le papillon,2007,Julian Schnabel,Laura Obiols,8,103284,112,"Biography, Drama",PG-13,5990075
G.O.R.A.,2004,Ömer Faruk Sorak,Cem Yilmaz,8,56960,127,"Adventure, Comedy, Sci-Fi",,
Ratatouille,2007,Brad Bird,Jan Pinkava,8,641645,111,"Animation, Adventure, Comedy",U,206445654
Casino Royale,2006,Martin Campbell,Daniel Craig,8,582239,144,"Action, Adventure, Thriller",PG-13,167445960
Kill Bill: Vol. 2,2004,Quentin Tarantino,Uma Thurman,8,683900,137,"Action, Crime, Thriller",A,66208183
Vozvrashchenie,2003,Andrey Zvyagintsev,Vladimir Garin,8,42399,110,Drama,,502028
Bom Yeoareum Gaeul Gyeoul Geurigo Bom,2003,Ki-duk Kim,Ki-duk Kim,8,77520,103,"Drama, Romance",R,2380788
Mar adentro,2014,Alejandro Amenábar,Javier Bardem,8,77554,126,"Biography, Drama",U,2086345
Cinderella Man,2005,Ron Howard,Russell Crowe,8,176151,144,"Biography, Drama, History",UA,61649911
Kal Ho Naa Ho,2003,Nikkhil Advani,Preity Zinta,8,63460,186,"Comedy, Drama, Musical",U,1787378
Mou gaan dou,2002,Andrew Lau,Alan Mak,8,117857,101,"Action, Crime, Drama",UA,169659
Pirates of the Caribbean: The Curse of the Black Pearl,2003,Gore Verbinski,Johnny Depp,8,1015122,143,"Action, Adventure, Fantasy",UA,305413918
Big Fish,2003,Tim Burton,Ewan McGregor,8,415218,125,"Adventure, Drama, Fantasy",U,66257002
The Incredibles,2004,Brad Bird,Craig T. Nelson,8,657047,115,"Animation, Action, Adventure",U,261441092
Yeopgijeogin geunyeo,2001,Jae-young Kwak,Tae-Hyun Cha,8,45403,137,"Comedy, Drama, Romance",,
Dogville,2003,Lars von Trier,Nicole Kidman,8,137963,178,"Crime, Drama",R,1530386
Vizontele,2001,Yilmaz Erdogan,Ömer Faruk Sorak,8,33592,110,"Comedy, Drama",,
Donnie Darko,2001,Richard Kelly,Jake Gyllenhaal,8,740086,113,"Drama, Mystery, Sci-Fi",R,1480006
Magnolia,1999,Paul Thomas Anderson,Tom Cruise,8,289742,188,Drama,R,22455976
Dancer in the Dark,2000,Lars von Trier,Björk,8,102285,140,"Crime, Drama, Musical",U,4184036
The Straight Story,1999,David Lynch,Richard Farnsworth,8,82002,112,"Biography, Drama",U,6203044
Pâfekuto burû,1997,Satoshi Kon,Junko Iwao,8,58192,81,"Animation, Crime, Mystery",A,776665
Festen,1998,Thomas Vinterberg,Ulrich Thomsen,8,78341,105,Drama,R,1647780
Central do Brasil,1998,Walter Salles,Fernanda Montenegro,8,36419,110,Drama,R,5595428
The Iron Giant,1999,Brad Bird,Eli Marienthal,8,172083,86,"Animation, Action, Adventure",PG-13,23159305
Knockin' on Heaven's Door,1997,Thomas Jahn,Til Schweiger,8,27721,87,"Action, Crime, Comedy",,3296
Sling Blade,1996,Billy Bob Thornton,Billy Bob Thornton,8,86838,135,Drama,R,24475416
Secrets & Lies,1996,Mike Leigh,Timothy Spall,8,37564,136,"Comedy, Drama",U,13417292
Twelve Monkeys,1995,Terry Gilliam,Bruce Willis,8,578443,129,"Mystery, Sci-Fi, Thriller",A,57141459
Kôkaku Kidôtai,1995,Mamoru Oshii,Atsuko Tanaka,8,129231,83,"Animation, Action, Crime",UA,515905
The Nightmare Before Christmas,1993,Henry Selick,Danny Elfman,8,300208,76,"Animation, Family, Fantasy",U,75082668
Groundhog Day,1993,Harold Ramis,Bill Murray,8,577991,101,"Comedy, Fantasy, Romance",U,70906973
Bound by Honor,1993,Taylor Hackford,Damian Chapa,8,28825,180,"Crime, Drama",R,4496583
Scent of a Woman,1992,Martin Brest,Al Pacino,8,263918,156,Drama,UA,63895607
Aladdin,1992,Ron Clements,John Musker,8,373845,90,"Animation, Adventure, Comedy",U,217350219
JFK,1991,Oliver Stone,Kevin Costner,8,142110,189,"Drama, History, Thriller",UA,70405498
Beauty and the Beast,1991,Gary Trousdale,Kirk Wise,8,417178,84,"Animation, Family, Fantasy",G,218967620
Dances with Wolves,1990,Kevin Costner,Kevin Costner,8,240266,181,"Adventure, Drama, Western",U,184208848
Do the Right Thing,1989,Spike Lee,Danny Aiello,8,89429,120,"Comedy, Drama",R,27545445
Rain Man,1988,Barry Levinson,Dustin Hoffman,8,473064,133,Drama,U,178800000
Akira,1988,Katsuhiro Ôtomo,Mitsuo Iwata,8,164918,124,"Animation, Action, Sci-Fi",UA,553171
The Princess Bride,1987,Rob Reiner,Cary Elwes,8,393899,98,"Adventure, Family, Fantasy",U,30857814
Der Himmel über Berlin,1987,Wim Wenders,Bruno Ganz,8,64722,128,"Drama, Fantasy, Romance",U,3333969
Au revoir les enfants,1987,Louis Malle,Gaspard Manesse,8,31163,104,"Drama, War",U,4542825
Tenkû no shiro Rapyuta,1986,Hayao Miyazaki,Mayumi Tanaka,8,150140,125,"Animation, Adventure, Drama",U,
The Terminator,1984,James Cameron,Arnold Schwarzenegger,8,799795,107,"Action, Sci-Fi",UA,38400000
Gandhi,1982,Richard Attenborough,Ben Kingsley,8,217664,191,"Biography, Drama, History",U,52767889
Kagemusha,1980,Akira Kurosawa,Tatsuya Nakadai,8,32195,180,"Drama, History, War",U,
Being There,1979,Hal Ashby,Peter Sellers,8,65625,130,"Comedy, Drama",PG-13,30177511
Annie Hall,1977,Woody Allen,Woody Allen,8,251823,93,"Comedy, Romance",A,39200000
Jaws,1975,Steven Spielberg,Roy Scheider,8,543388,124,"Adventure, Thriller",A,260000000
Dog Day Afternoon,1975,Sidney Lumet,Al Pacino,8,235652,125,"Biography, Crime, Drama",U,50000000
Young Frankenstein,1974,Mel Brooks,Gene Wilder,8,143359,106,Comedy,A,86300000
Papillon,1973,Franklin J. Schaffner,Steve McQueen,8,121627,151,"Biography, Crime, Drama",R,53267000
The Exorcist,1973,William Friedkin,Ellen Burstyn,8,362393,122,Horror,A,232906145
Sleuth,1972,Joseph L. Mankiewicz,Laurence Olivier,8,44748,138,"Mystery, Thriller",PG-13,4081254
The Last Picture Show,1971,Peter Bogdanovich,Timothy Bottoms,8,42456,118,"Drama, Romance",R,29133000
Fiddler on the Roof,1971,Norman Jewison,Topol,8,39491,181,"Drama, Family, Musical",G,80500000
Il conformista,1970,Bernardo Bertolucci,Jean-Louis Trintignant,8,27067,113,Drama,UA,541940
Butch Cassidy and the Sundance Kid,1969,George Roy Hill,Paul Newman,8,201888,110,"Biography, Crime, Drama",PG-13,102308889
Rosemary's Baby,1968,Roman Polanski,Mia Farrow,8,193674,137,"Drama, Horror",A,
Planet of the Apes,1968,Franklin J. Schaffner,Charlton Heston,8,165167,112,"Adventure, Sci-Fi",U,33395426
The Graduate,1967,Mike Nichols,Dustin Hoffman,8,253676,106,"Comedy, Drama, Romance",A,104945305
Who's Afraid of Virginia Woolf?,1966,Mike Nichols,Elizabeth Taylor,8,68926,131,Drama,A,
The Sound of Music,1965,Robert Wise,Julie Andrews,8,205425,172,"Biography, Drama, Family",U,163214286
Doctor Zhivago,1965,David Lean,Omar Sharif,8,69903,197,"Drama, Romance, War",A,111722000
Per un pugno di dollari,1964,Sergio Leone,Clint Eastwood,8,198219,99,"Action, Drama, Western",A,14500000
8½,1963,Federico Fellini,Marcello Mastroianni,8,108844,138,Drama,,50690
Vivre sa vie: Film en douze tableaux,1962,Jean-Luc Godard,Anna Karina,8,28057,80,Drama,,
The Hustler,1961,Robert Rossen,Paul Newman,8,75067,134,"Drama, Sport",A,8284000
La dolce vita,1960,Federico Fellini,Marcello Mastroianni,8,66621,174,"Comedy, Drama",A,19516000
Rio Bravo,1959,Howard Hawks,John Wayne,8,56305,141,"Action, Drama, Western",Passed,12535000
Anatomy of a Murder,1959,Otto Preminger,James Stewart,8,59847,161,"Crime, Drama, Mystery",,11900000
Touch of Evil,1958,Orson Welles,Charlton Heston,8,98431,95,"Crime, Drama, Film-Noir",PG-13,2237659
Cat on a Hot Tin Roof,1958,Richard Brooks,Elizabeth Taylor,8,45062,108,Drama,A,17570324
Sweet Smell of Success,1957,Alexander Mackendrick,Burt Lancaster,8,28137,96,"Drama, Film-Noir",Approved,
The Killing,1956,Stanley Kubrick,Sterling Hayden,8,81702,84,"Crime, Drama, Film-Noir",Approved,
The Night of the Hunter,1955,Charles Laughton,Robert Mitchum,8,81980,92,"Crime, Drama, Film-Noir",,654000
La Strada,1954,Federico Fellini,Anthony Quinn,8,58314,108,Drama,,
Les diaboliques,1955,Henri-Georges Clouzot,Simone Signoret,8,61503,117,"Crime, Drama, Horror",,
Stalag 17,1953,Billy Wilder,William Holden,8,51046,120,"Comedy, Drama, War",,
Roman Holiday,1953,William Wyler,Gregory Peck,8,127256,118,"Comedy, Romance",,
A Streetcar Named Desire,1951,Elia Kazan,Vivien Leigh,8,99182,122,Drama,A,8000000
In a Lonely Place,1950,Nicholas Ray,Humphrey Bogart,8,26784,94,"Drama, Film-Noir, Mystery",,
Kind Hearts and Coronets,1949,Robert Hamer,Dennis Price,8,34485,106,"Comedy, Crime",U,
Rope,1948,Alfred Hitchcock,James Stewart,8,129783,80,"Crime, Drama, Mystery",A,
Out of the Past,1947,Jacques Tourneur,Robert Mitchum,8,32784,97,"Crime, Drama, Film-Noir",,
Brief Encounter,1945,David Lean,Celia Johnson,8,35601,86,"Drama, Romance",U,
Laura,1944,Otto Preminger,Gene Tierney,8,42725,88,"Drama, Film-Noir, Mystery",Passed,4360000
The Best Years of Our Lives,1946,William Wyler,Myrna Loy,8,57259,170,"Drama, Romance, War",Approved,23650000
Arsenic and Old Lace,1942,Frank Capra,Cary Grant,8,65101,118,"Comedy, Crime, Thriller",,
The Maltese Falcon,1941,John Huston,Humphrey Bogart,8,148928,100,"Film-Noir, Mystery",,2108060
The Grapes of Wrath,1940,John Ford,Henry Fonda,8,85559,129,"Drama, History",Passed,55000
The Wizard of Oz,1939,Victor Fleming,George Cukor,8,371379,102,"Adventure, Family, Fantasy",U,2076020
La règle du jeu,1939,Jean Renoir,Marcel Dalio,8,26725,110,"Comedy, Drama",,
The Thin Man,1934,W.S. Van Dyke,William Powell,8,26642,91,"Comedy, Crime, Mystery",UA,
All Quiet on the Western Front,1930,Lewis Milestone,Lew Ayres,8,57318,152,"Drama, War",U,3270000
Bronenosets Potemkin,1925,Sergei M. Eisenstein,Aleksandr Antonov,8,53054,75,"Drama, History, Thriller",,50970
Knives Out,2019,Rian Johnson,Daniel Craig,7.9,454203,130,"Comedy, Crime, Drama",UA,165359751
Dil Bechara,2020,Mukesh Chhabra,Sushant Singh Rajput,7.9,111478,101,"Comedy, Drama, Romance",UA,
Manbiki kazoku,2018,Hirokazu Koreeda,Lily Franky,7.9,62754,121,"Crime, Drama",A,3313513
Marriage Story,2019,Noah Baumbach,Adam Driver,7.9,246644,137,"Comedy, Drama, Romance",U,2000000
Call Me by Your Name,2017,Luca Guadagnino,Armie Hammer,7.9,212651,132,"Drama, Romance",UA,18095701
"I, Daniel Blake",2016,Ken Loach,Laura Obiols,7.9,53818,100,Drama,UA,258168
Isle of Dogs,2018,Wes Anderson,Bryan Cranston,7.9,139114,101,"Animation, Adventure, Comedy",U,32015231
Hunt for the Wilderpeople,2016,Taika Waititi,Sam Neill,7.9,111483,101,"Adventure, Comedy, Drama",UA,5202582
Captain Fantastic,2016,Matt Ross,Viggo Mortensen,7.9,189400,118,"Comedy, Drama",R,5875006
Sing Street,2016,John Carney,Ferdia Walsh-Peelo,7.9,85109,106,"Comedy, Drama, Music",PG-13,3237118
Thor: Ragnarok,2017,Taika Waititi,Chris Hemsworth,7.9,587775,130,"Action, Adventure, Comedy",UA,315058289
Nightcrawler,2014,Dan Gilroy,Jake Gyllenhaal,7.9,466134,117,"Crime, Drama, Thriller",A,32381218
Jojo Rabbit,2019,Taika Waititi,Roman Griffin Davis,7.9,297918,108,"Comedy, Drama, War",UA,349555
Arrival,2016,Denis Villeneuve,Amy Adams,7.9,594181,116,"Drama, Sci-Fi",UA,100546139
Star Wars: Episode VII - The Force Awakens,2015,J.J. Abrams,Daisy Ridley,7.9,860823,138,"Action, Adventure, Sci-Fi",U,936662225
Before Midnight,2013,Richard Linklater,Ethan Hawke,7.9,141457,109,"Drama, Romance",R,8114627
X-Men: Days of Future Past,2014,Bryan Singer,Patrick Stewart,7.9,659763,132,"Action, Adventure, Sci-Fi",UA,233921534
Bir Zamanlar Anadolu'da,2011,Nuri Bilge Ceylan,Muhammet Uzuner,7.9,41995,157,"Crime, Drama",,138730
The Artist,2011,Michel Hazanavicius,Jean Dujardin,7.9,230624,100,"Comedy, Drama, Romance",U,44671682
Edge of Tomorrow,2014,Doug Liman,Tom Cruise,7.9,600004,113,"Action, Adventure, Sci-Fi",UA,100206256
Amour,2012,Michael Haneke,Jean-Louis Trintignant,7.9,93090,127,"Drama, Romance",UA,6739492
The Irishman,2019,Martin Scorsese,Robert De Niro,7.9,324720,209,"Biography, Crime, Drama",R,7000000
Un prophète,2009,Jacques Audiard,Tahar Rahim,7.9,93560,155,"Crime, Drama",A,2084637
Moon,2009,Duncan Jones,Sam Rockwell,7.9,335152,97,"Drama, Mystery, Sci-Fi",R,5009677
Låt den rätte komma in,2008,Tomas Alfredson,Kåre Hedebrant,7.9,205609,114,"Crime, Drama, Fantasy",R,2122065
District 9,2009,Neill Blomkamp,Sharlto Copley,7.9,638202,112,"Action, Sci-Fi, Thriller",A,115646235
The Wrestler,2008,Darren Aronofsky,Mickey Rourke,7.9,289415,109,"Drama, Sport",UA,26236603
Jab We Met,2007,Imtiaz Ali,Shahid Kapoor,7.9,47720,138,"Comedy, Drama, Romance",U,410800
Boyhood,2014,Richard Linklater,Ellar Coltrane,7.9,335533,165,Drama,A,25379975
"4 luni, 3 saptamâni si 2 zile",2007,Cristian Mungiu,Anamaria Marinca,7.9,56625,113,Drama,,1185783
Star Trek,2009,J.J. Abrams,Chris Pine,7.9,577336,127,"Action, Adventure, Sci-Fi",UA,257730019
In Bruges,2008,Martin McDonagh,Colin Farrell,7.9,390334,107,"Comedy, Crime, Drama",R,7757130
The Man from Earth,2007,Richard Schenkman,David Lee Smith,7.9,174125,87,"Drama, Fantasy, Mystery",,
Letters from Iwo Jima,2006,Clint Eastwood,Ken Watanabe,7.9,154011,141,"Action, Adventure, Drama",UA,13756082
The Fall,2006,Tarsem Singh,Lee Pace,7.9,107290,117,"Adventure, Drama, Fantasy",R,2280348
Life of Pi,2012,Ang Lee,Suraj Sharma,7.9,580708,127,"Adventure, Drama, Fantasy",U,124987023
Fantastic Mr. Fox,2009,Wes Anderson,George Clooney,7.9,199696,87,"Animation, Adventure, Comedy",PG-13,21002919
C.R.A.Z.Y.,2005,Jean-Marc Vallée,Michel Côté,7.9,31476,129,"Comedy, Drama",,
Les choristes,2004,Christophe Barratier,Gérard Jugnot,7.9,57430,97,"Drama, Music",PG-13,3635164
Iron Man,2008,Jon Favreau,Robert Downey Jr.,7.9,939644,126,"Action, Adventure, Sci-Fi",UA,318412101
Shaun of the Dead,2004,Edgar Wright,Simon Pegg,7.9,512249,99,"Comedy, Horror",UA,13542874
Gegen die Wand,2004,Fatih Akin,Birol Ünel,7.9,51325,121,"Drama, Romance",R,
Mystic River,2003,Clint Eastwood,Sean Penn,7.9,419420,138,"Crime, Drama, Mystery",A,90135191
Harry Potter and the Prisoner of Azkaban,2004,Alfonso Cuarón,Daniel Radcliffe,7.9,552493,142,"Adventure, Family, Fantasy",U,249358727
Ying xiong,2002,Yimou Zhang,Jet Li,7.9,173999,120,"Action, Adventure, History",PG-13,53710019
Hable con ella,2002,Pedro Almodóvar,Rosario Flores,7.9,104691,112,"Drama, Mystery, Romance",R,9284265
No Man's Land,2001,Danis Tanovic,Branko Djuric,7.9,44618,98,"Comedy, Drama, War",R,1059830
Cowboy Bebop: Tengoku no tobira,2001,Shin'ichirô Watanabe,Tensai Okamura,7.9,42897,115,"Animation, Action, Crime",U,1000045
The Bourne Identity,2002,Doug Liman,Franka Potente,7.9,508771,119,"Action, Mystery, Thriller",UA,121661683
Nueve reinas,2000,Fabián Bielinsky,Ricardo Darín,7.9,49721,114,"Crime, Drama, Thriller",R,1221261
Children of Men,2006,Alfonso Cuarón,Julianne Moore,7.9,465113,109,"Adventure, Drama, Sci-Fi",A,35552383
Almost Famous,2000,Cameron Crowe,Billy Crudup,7.9,252586,122,"Adventure, Comedy, Drama",A,32534850
Mulholland Dr.,2001,David Lynch,Naomi Watts,7.9,322031,147,"Drama, Mystery, Thriller",R,7220243
Toy Story 2,1999,John Lasseter,Ash Brannon,7.9,527512,92,"Animation, Adventure, Comedy",U,245852179
Boogie Nights,1997,Paul Thomas Anderson,Mark Wahlberg,7.9,239473,155,Drama,R,26400640
Mimi wo sumaseba,1995,Yoshifumi Kondô,Yoko Honna,7.9,51943,111,"Animation, Drama, Family",U,
Once Were Warriors,1994,Lee Tamahori,Rena Owen,7.9,31590,102,"Crime, Drama",A,2201126
True Romance,1993,Tony Scott,Christian Slater,7.9,206918,119,"Crime, Drama, Romance",R,12281500
Trois couleurs: Bleu,1993,Krzysztof Kieslowski,Juliette Binoche,7.9,89836,94,"Drama, Music, Mystery",U,1324974
Jûbê ninpûchô,1993,Yoshiaki Kawajiri,Kôichi Yamadera,7.9,34529,94,"Animation, Action, Adventure",A,
Carlito's Way,1993,Brian De Palma,Al Pacino,7.9,201000,144,"Crime, Drama, Thriller",A,36948322
Edward Scissorhands,1990,Tim Burton,Johnny Depp,7.9,447368,105,"Drama, Fantasy, Romance",U,56362352
My Left Foot: The Story of Christy Brown,1989,Jim Sheridan,Daniel Day-Lewis,7.9,68076,103,"Biography, Drama",U,14743391
Crimes and Misdemeanors,1989,Woody Allen,Martin Landau,7.9,54670,104,"Comedy, Drama",PG-13,18254702
The Untouchables,1987,Brian De Palma,Kevin Costner,7.9,281842,119,"Crime, Drama, Thriller",A,76270454
Hannah and Her Sisters,1986,Woody Allen,Mia Farrow,7.9,67176,107,"Comedy, Drama",PG-13,40084041
Brazil,1985,Terry Gilliam,Jonathan Pryce,7.9,187567,132,"Drama, Sci-Fi",U,9929135
This Is Spinal Tap,1984,Rob Reiner,Rob Reiner,7.9,128812,82,"Comedy, Music",R,188751
A Christmas Story,1983,Bob Clark,Peter Billingsley,7.9,132947,93,"Comedy, Family",U,20605209
The Blues Brothers,1980,John Landis,John Belushi,7.9,183182,133,"Action, Adventure, Comedy",U,57229890
Manhattan,1979,Woody Allen,Woody Allen,7.9,131436,96,"Comedy, Drama, Romance",R,45700000
All That Jazz,1979,Bob Fosse,Roy Scheider,7.9,28223,123,"Drama, Music, Musical",A,37823676
Dawn of the Dead,1978,George A. Romero,David Emge,7.9,111512,127,"Action, Adventure, Horror",A,5100000
All the President's Men,1976,Alan J. Pakula,Dustin Hoffman,7.9,103031,138,"Biography, Drama, History",U,70600000
La montaña sagrada,1973,Alejandro Jodorowsky,Alejandro Jodorowsky,7.9,37183,114,"Adventure, Drama, Fantasy",R,61001
Amarcord,1973,Federico Fellini,Magali Noël,7.9,39897,123,"Comedy, Drama, Family",R,
Le charme discret de la bourgeoisie,1972,Luis Buñuel,Fernando Rey,7.9,38737,102,Comedy,PG-13,198809
"Aguirre, der Zorn Gottes",1972,Werner Herzog,Klaus Kinski,7.9,52397,95,"Action, Adventure, Biography",,
Harold and Maude,1971,Hal Ashby,Ruth Gordon,7.9,70826,91,"Comedy, Drama, Romance",PG-13,
Patton,1970,Franklin J. Schaffner,George C. Scott,7.9,93741,172,"Biography, Drama, War",U,61700000
The Wild Bunch,1969,Sam Peckinpah,William Holden,7.9,77401,145,"Action, Adventure, Western",A,12064472
Night of the Living Dead,1968,George A. Romero,Duane Jones,7.9,116557,96,"Horror, Thriller",,89029
The Lion in Winter,1968,Anthony Harvey,Peter O'Toole,7.9,29003,134,"Biography, Drama, History",PG-13,22276975
In the Heat of the Night,1967,Norman Jewison,Sidney Poitier,7.9,67804,110,"Crime, Drama, Mystery",U,24379978
Charade,1963,Stanley Donen,Cary Grant,7.9,68689,113,"Comedy, Mystery, Romance",U,13474588
The Manchurian Candidate,1962,John Frankenheimer,Frank Sinatra,7.9,71122,126,"Drama, Thriller",PG-13,
Spartacus,1960,Stanley Kubrick,Kirk Douglas,7.9,124339,197,"Adventure, Biography, Drama",A,30000000
L'avventura,1960,Michelangelo Antonioni,Gabriele Ferzetti,7.9,26542,144,"Drama, Mystery",U,
Hiroshima mon amour,1959,Alain Resnais,Emmanuelle Riva,7.9,28421,90,"Drama, Romance",,88300
The Ten Commandments,1956,Cecil B. DeMille,Charlton Heston,7.9,63560,220,"Adventure, Drama",U,93740000
The Searchers,1956,John Ford,John Wayne,7.9,80316,119,"Adventure, Drama, Western",Passed,
East of Eden,1955,Elia Kazan,James Dean,7.9,40313,118,Drama,U,
High Noon,1952,Fred Zinnemann,Gary Cooper,7.9,97222,85,"Drama, Thriller, Western",PG-13,9450000
Strangers on a Train,1951,Alfred Hitchcock,Farley Granger,7.9,123341,101,"Crime, Film-Noir, Thriller",A,7630000
Harvey,1950,Henry Koster,James Stewart,7.9,52573,104,"Comedy, Drama, Fantasy",Approved,
Miracle on 34th Street,1947,George Seaton,Edmund Gwenn,7.9,41625,96,"Comedy, Drama, Family",,2650000
Notorious,1946,Alfred Hitchcock,Cary Grant,7.9,92306,102,"Drama, Film-Noir, Romance",U,10464000
The Big Sleep,1946,Howard Hawks,Humphrey Bogart,7.9,78796,114,"Crime, Film-Noir, Mystery",Passed,6540000
The Lost Weekend,1945,Billy Wilder,Ray Milland,7.9,33549,101,"Drama, Film-Noir",Passed,9460000
The Philadelphia Story,1940,George Cukor,Cary Grant,7.9,63550,112,"Comedy, Romance",,
His Girl Friday,1940,Howard Hawks,Cary Grant,7.9,53667,92,"Comedy, Drama, Romance",Passed,296000
The Adventures of Robin Hood,1938,Michael Curtiz,William Keighley,7.9,47175,102,"Action, Adventure, Romance",PG-13,3981000
A Night at the Opera,1935,Sam Wood,Edmund Goulding,7.9,30580,96,"Comedy, Music, Musical",Passed,2537520
King Kong,1933,Merian C. Cooper,Ernest B. Schoedsack,7.9,78991,100,"Adventure, Horror, Sci-Fi",Passed,10000000
Freaks,1932,Tod Browning,Wallace Ford,7.9,42117,64,"Drama, Horror",,
Nosferatu,1922,F.W. Murnau,Max Schreck,7.9,88794,94,"Fantasy, Horror",,
The Gentlemen,2019,Guy Ritchie,Matthew McConaughey,7.8,237392,113,"Action, Comedy, Crime",A,
Raazi,2018,Meghna Gulzar,Alia Bhatt,7.8,25344,138,"Action, Drama, Thriller",UA,
Sound of Metal,2019,Darius Marder,Riz Ahmed,7.8,27187,120,"Drama, Music",R,
Forushande,2016,Asghar Farhadi,Shahab Hosseini,7.8,51240,124,Drama,UA,2402067
Dunkirk,2017,Christopher Nolan,Fionn Whitehead,7.8,555092,106,"Action, Drama, History",UA,188373161
Perfetti sconosciuti,2016,Paolo Genovese,Giuseppe Battiston,7.8,57168,96,"Comedy, Drama",,
Hidden Figures,2016,Theodore Melfi,Taraji P. Henson,7.8,200876,127,"Biography, Drama, History",UA,169607287
Paddington 2,2017,Paul King,Ben Whishaw,7.8,61594,103,"Adventure, Comedy, Family",U,40442052
Udta Punjab,2016,Abhishek Chaubey,Shahid Kapoor,7.8,27175,148,"Action, Crime, Drama",A,
Kubo and the Two Strings,2016,Travis Knight,Charlize Theron,7.8,118035,101,"Animation, Action, Adventure",PG-13,48023088
M.S. Dhoni: The Untold Story,2016,Neeraj Pandey,Sushant Singh Rajput,7.8,40416,184,"Biography, Drama, Sport",U,1782795
Manchester by the Sea,2016,Kenneth Lonergan,Casey Affleck,7.8,246963,137,Drama,UA,47695120
Under sandet,2015,Martin Zandvliet,Roland Møller,7.8,35539,100,"Drama, History, War",R,435266
Rogue One,2016,Gareth Edwards,Felicity Jones,7.8,556608,133,"Action, Adventure, Sci-Fi",UA,532177324
Captain America: Civil War,2016,Anthony Russo,Joe Russo,7.8,663649,147,"Action, Adventure, Sci-Fi",UA,408084349
The Hateful Eight,2015,Quentin Tarantino,Samuel L. Jackson,7.8,517059,168,"Crime, Drama, Mystery",A,54117416
Little Women,2019,Greta Gerwig,Saoirse Ronan,7.8,143250,135,"Drama, Romance",U,108101214
Loving Vincent,2017,Dorota Kobiela,Hugh Welchman,7.8,50778,94,"Animation, Biography, Crime",UA,6735118
Pride,2014,Matthew Warchus,Bill Nighy,7.8,51841,119,"Biography, Comedy, Drama",R,
Le passé,2013,Asghar Farhadi,Bérénice Bejo,7.8,45002,130,"Drama, Mystery",PG-13,1330596
La grande bellezza,2013,Paolo Sorrentino,Toni Servillo,7.8,81125,141,Drama,,2852400
The Lunchbox,2013,Ritesh Batra,Irrfan Khan,7.8,50523,104,"Drama, Romance",U,4231500
Vicky Donor,2012,Shoojit Sircar,Ayushmann Khurrana,7.8,39710,126,"Comedy, Romance",UA,169209
Big Hero 6,2014,Don Hall,Chris Williams,7.8,410983,102,"Animation, Action, Adventure",U,222527828
About Time,2013,Richard Curtis,Domhnall Gleeson,7.8,303032,123,"Comedy, Drama, Fantasy",R,15322921
English Vinglish,2012,Gauri Shinde,Sridevi,7.8,33618,134,"Comedy, Drama, Family",U,1670773
Kaze tachinu,2013,Hayao Miyazaki,Hideaki Anno,7.8,73690,126,"Animation, Biography, Drama",PG-13,5209580
Toy Story 4,2019,Josh Cooley,Tom Hanks,7.8,203177,100,"Animation, Adventure, Comedy",U,434038008
La migliore offerta,2013,Giuseppe Tornatore,Geoffrey Rush,7.8,108399,131,"Crime, Drama, Mystery",R,85433
Moonrise Kingdom,2012,Wes Anderson,Jared Gilman,7.8,318789,94,"Comedy, Drama, Romance",A,45512466
How to Train Your Dragon 2,2014,Dean DeBlois,Jay Baruchel,7.8,305611,102,"Animation, Action, Adventure",U,177002924
The Big Short,2015,Adam McKay,Christian Bale,7.8,362942,130,"Biography, Comedy, Drama",A,70259870
Kokuhaku,2010,Tetsuya Nakashima,Takako Matsu,7.8,35713,106,"Drama, Thriller",,
Ang-ma-reul bo-at-da,2010,Jee-woon Kim,Lee Byung-Hun,7.8,111252,144,"Action, Crime, Drama",,128392
The Girl with the Dragon Tattoo,2011,David Fincher,Daniel Craig,7.8,423010,158,"Crime, Drama, Mystery",R,102515793
Captain Phillips,2013,Paul Greengrass,Tom Hanks,7.8,421244,134,"Adventure, Biography, Crime",UA,107100855
Ajeossi,2010,Jeong-beom Lee,Won Bin,7.8,62848,119,"Action, Crime, Drama",R,6460
Straight Outta Compton,2015,F. Gary Gray,O'Shea Jackson Jr.,7.8,179264,147,"Biography, Drama, History",R,161197785
Madeo,2009,Bong Joon Ho,Hye-ja Kim,7.8,52758,129,"Crime, Drama, Mystery",R,547292
Chugyeokja,2008,Hong-jin Na,Kim Yoon-seok,7.8,58468,125,"Action, Crime, Thriller",,
The Hobbit: The Desolation of Smaug,2013,Peter Jackson,Ian McKellen,7.8,601408,161,"Adventure, Fantasy",UA,258366855
Das weiße Band - Eine deutsche Kindergeschichte,2009,Michael Haneke,Christian Friedel,7.8,68715,144,"Drama, History, Mystery",UA,2222647
Män som hatar kvinnor,2009,Niels Arden Oplev,Michael Nyqvist,7.8,208994,152,"Crime, Drama, Mystery",R,10095170
The Trial of the Chicago 7,2020,Aaron Sorkin,Eddie Redmayne,7.8,89896,129,"Drama, History, Thriller",R,
Druk,2020,Thomas Vinterberg,Mads Mikkelsen,7.8,33931,117,"Comedy, Drama",,
The Fighter,2010,David O. Russell,Mark Wahlberg,7.8,340584,116,"Biography, Drama, Sport",UA,93617009
Taken,2008,Pierre Morel,Liam Neeson,7.8,564791,90,"Action, Thriller",A,145000989
The Boy in the Striped Pyjamas,2008,Mark Herman,Asa Butterfield,7.8,190748,94,"Drama, History, War",PG-13,9030581
Once,2007,John Carney,Glen Hansard,7.8,110656,86,"Drama, Music, Romance",R,9439923
The Hobbit: An Unexpected Journey,2012,Peter Jackson,Martin Freeman,7.8,757377,169,"Adventure, Fantasy",UA,303003568
Auf der anderen Seite,2007,Fatih Akin,Baki Davrak,7.8,30827,122,Drama,,741283
Atonement,2007,Joe Wright,Keira Knightley,7.8,251370,123,"Drama, Mystery, Romance",R,50927067
Drive,2011,Nicolas Winding Refn,Ryan Gosling,7.8,571571,100,"Crime, Drama",A,35061555
American Gangster,2007,Ridley Scott,Denzel Washington,7.8,392449,157,"Biography, Crime, Drama",A,130164645
Avatar,2009,James Cameron,Sam Worthington,7.8,1118998,162,"Action, Adventure, Fantasy",UA,760507625
Mr. Nobody,2009,Jaco Van Dormael,Jared Leto,7.8,216421,141,"Drama, Fantasy, Romance",R,3600
Apocalypto,2006,Mel Gibson,Gerardo Taracena,7.8,291018,139,"Action, Adventure, Drama",A,50866635
Little Miss Sunshine,2006,Jonathan Dayton,Valerie Faris,7.8,439856,101,"Comedy, Drama",UA,59891098
Hot Fuzz,2007,Edgar Wright,Simon Pegg,7.8,463466,121,"Action, Comedy, Mystery",UA,23637265
The Curious Case of Benjamin Button,2008,David Fincher,Brad Pitt,7.8,589160,166,"Drama, Fantasy, Romance",UA,127509326
Veer-Zaara,2004,Yash Chopra,Shah Rukh Khan,7.8,49050,192,"Drama, Family, Musical",U,2921738
Adams æbler,2005,Anders Thomas Jensen,Ulrich Thomsen,7.8,45717,94,"Comedy, Crime, Drama",R,1305
Pride & Prejudice,2005,Joe Wright,Keira Knightley,7.8,258924,129,"Drama, Romance",PG-13,38405088
The World's Fastest Indian,2005,Roger Donaldson,Anthony Hopkins,7.8,51980,127,"Biography, Drama, Sport",U,5128124
Tôkyô goddofâzâzu,2003,Satoshi Kon,Shôgo Furuya,7.8,31658,90,"Animation, Adventure, Comedy",UA,128985
Serenity,2005,Joss Whedon,Nathan Fillion,7.8,283310,119,"Action, Adventure, Sci-Fi",PG-13,25514517
Walk the Line,2005,James Mangold,Joaquin Phoenix,7.8,234207,136,"Biography, Drama, Music",PG-13,119519402
Ondskan,2003,Mikael Håfström,Andreas Wilson,7.8,35682,113,Drama,,15280
The Notebook,2004,Nick Cassavetes,Gena Rowlands,7.8,520284,123,"Drama, Romance",A,81001787
Diarios de motocicleta,2004,Walter Salles,Gael García Bernal,7.8,96703,126,"Adventure, Biography, Drama",U,16756372
Lilja 4-ever,2002,Lukas Moodysson,Oksana Akinshina,7.8,42673,109,"Crime, Drama",R,181655
Les triplettes de Belleville,2003,Sylvain Chomet,Michèle Caucheteux,7.8,50622,80,"Animation, Comedy, Drama",PG-13,7002255
Gongdong gyeongbi guyeok JSA,2000,Chan-wook Park,Lee Yeong-ae,7.8,26518,110,"Action, Drama, Thriller",,
The Count of Monte Cristo,2002,Kevin Reynolds,Jim Caviezel,7.8,129022,131,"Action, Adventure, Drama",PG-13,54234062
Waking Life,2001,Richard Linklater,Ethan Hawke,7.8,60684,99,"Animation, Drama, Fantasy",R,2892011
Remember the Titans,2000,Boaz Yakin,Denzel Washington,7.8,198089,113,"Biography, Drama, Sport",U,115654751
Wo hu cang long,2000,Ang Lee,Yun-Fat Chow,7.8,253228,120,"Action, Adventure, Fantasy",UA,128078872
Todo sobre mi madre,1999,Pedro Almodóvar,Cecilia Roth,7.8,89058,101,Drama,R,8264530
Cast Away,2000,Robert Zemeckis,Tom Hanks,7.8,524235,143,"Adventure, Drama, Romance",UA,233632142
The Boondock Saints,1999,Troy Duffy,Willem Dafoe,7.8,227143,108,"Action, Crime, Thriller",R,25812
The Insider,1999,Michael Mann,Russell Crowe,7.8,159886,157,"Biography, Drama, Thriller",UA,28965197
October Sky,1999,Joe Johnston,Jake Gyllenhaal,7.8,82855,108,"Biography, Drama, Family",PG-13,32481825
Shrek,2001,Andrew Adamson,Vicky Jenson,7.8,613941,90,"Animation, Adventure, Comedy",U,267665011
Titanic,1997,James Cameron,Leonardo DiCaprio,7.8,1046089,194,"Drama, Romance",UA,659325379
Hana-bi,1997,Takeshi Kitano,Takeshi Kitano,7.8,27712,103,"Crime, Drama, Romance",,233986
Gattaca,1997,Andrew Niccol,Ethan Hawke,7.8,280845,106,"Drama, Sci-Fi, Thriller",UA,12339633
The Game,1997,David Fincher,Michael Douglas,7.8,345096,129,"Action, Drama, Mystery",UA,48323648
Breaking the Waves,1996,Lars von Trier,Emily Watson,7.8,62428,159,Drama,R,4040691
Ed Wood,1994,Tim Burton,Johnny Depp,7.8,164937,127,"Biography, Comedy, Drama",U,5887457
What's Eating Gilbert Grape,1993,Lasse Hallström,Johnny Depp,7.8,215034,118,Drama,U,9170214
Tombstone,1993,George P. Cosmatos,Kevin Jarre,7.8,126871,130,"Action, Biography, Drama",R,56505065
The Sandlot,1993,David Mickey Evans,Tom Guiry,7.8,78963,101,"Comedy, Drama, Family",U,32416586
The Remains of the Day,1993,James Ivory,Anthony Hopkins,7.8,66065,134,"Drama, Romance",U,22954968
Naked,1993,Mike Leigh,David Thewlis,7.8,34635,132,"Comedy, Drama",,1769305
The Fugitive,1993,Andrew Davis,Harrison Ford,7.8,267684,130,"Action, Crime, Drama",U,183875760
A Bronx Tale,1993,Robert De Niro,Robert De Niro,7.8,128171,121,"Crime, Drama, Romance",R,17266971
Batman: Mask of the Phantasm,1993,Kevin Altieri,Boyd Kirkland,7.8,43690,76,"Animation, Action, Crime",PG-13,5617391
Lat sau san taam,1992,John Woo,Yun-Fat Chow,7.8,46700,128,"Action, Crime, Thriller",R,
Night on Earth,1991,Jim Jarmusch,Winona Ryder,7.8,55362,129,"Comedy, Drama",R,2015810
La double vie de Véronique,1991,Krzysztof Kieslowski,Irène Jacob,7.8,42376,98,"Drama, Fantasy, Music",R,1999955
Boyz n the Hood,1991,John Singleton,Cuba Gooding Jr.,7.8,126082,112,"Crime, Drama",A,57504069
Misery,1990,Rob Reiner,James Caan,7.8,184740,107,"Drama, Thriller",R,61276872
Awakenings,1990,Penny Marshall,Robert De Niro,7.8,125276,121,"Biography, Drama",U,52096475
Majo no takkyûbin,1989,Hayao Miyazaki,Kirsten Dunst,7.8,124193,103,"Animation, Adventure, Drama",U,
Glory,1989,Edward Zwick,Matthew Broderick,7.8,122779,122,"Biography, Drama, History",R,26830000
Dip huet seung hung,1989,John Woo,Yun-Fat Chow,7.8,45624,111,"Action, Crime, Drama",R,
Back to the Future Part II,1989,Robert Zemeckis,Michael J. Fox,7.8,481918,108,"Adventure, Comedy, Sci-Fi",U,118500000
Mississippi Burning,1988,Alan Parker,Gene Hackman,7.8,88214,128,"Crime, Drama, History",A,34603943
Predator,1987,John McTiernan,Arnold Schwarzenegger,7.8,371387,107,"Action, Adventure, Sci-Fi",A,59735548
Evil Dead II,1987,Sam Raimi,Bruce Campbell,7.8,148359,84,"Action, Comedy, Fantasy",A,5923044
Ferris Bueller's Day Off,1986,John Hughes,Matthew Broderick,7.8,321382,103,Comedy,U,70136369
Down by Law,1986,Jim Jarmusch,Tom Waits,7.8,47834,107,"Comedy, Crime, Drama",R,1436000
The Goonies,1985,Richard Donner,Sean Astin,7.8,244430,114,"Adventure, Comedy, Family",U,61503218
The Color Purple,1985,Steven Spielberg,Danny Glover,7.8,78321,154,Drama,U,98467863
The Breakfast Club,1985,John Hughes,Emilio Estevez,7.8,357026,97,"Comedy, Drama",UA,45875171
The Killing Fields,1984,Roland Joffé,Sam Waterston,7.8,51585,141,"Biography, Drama, History",UA,34700291
Ghostbusters,1984,Ivan Reitman,Bill Murray,7.8,355413,105,"Action, Comedy, Fantasy",UA,238632124
The Right Stuff,1983,Philip Kaufman,Sam Shepard,7.8,56235,193,"Adventure, Biography, Drama",PG-13,21500000
The King of Comedy,1982,Martin Scorsese,Robert De Niro,7.8,88511,109,"Comedy, Crime, Drama",U,2500000
E.T. the Extra-Terrestrial,1982,Steven Spielberg,Henry Thomas,7.8,372490,115,"Family, Sci-Fi",U,435110554
Kramer vs. Kramer,1979,Robert Benton,Dustin Hoffman,7.8,133351,105,Drama,A,106260000
Days of Heaven,1978,Terrence Malick,Richard Gere,7.8,52852,94,"Drama, Romance",PG-13,
The Outlaw Josey Wales,1976,Clint Eastwood,Clint Eastwood,7.8,65659,135,Western,A,31800000
The Man Who Would Be King,1975,John Huston,Sean Connery,7.8,44917,129,"Adventure, History, War",PG-13,
The Conversation,1974,Francis Ford Coppola,Gene Hackman,7.8,98611,113,"Drama, Mystery, Thriller",U,4420000
La planète sauvage,1973,René Laloux,Barry Bostwick,7.8,25229,72,"Animation, Sci-Fi",U,193817
The Day of the Jackal,1973,Fred Zinnemann,Edward Fox,7.8,37445,143,"Crime, Drama, Thriller",A,16056255
Badlands,1973,Terrence Malick,Martin Sheen,7.8,66009,94,"Action, Crime, Drama",PG-13,
Cabaret,1972,Bob Fosse,Liza Minnelli,7.8,48334,124,"Drama, Music, Musical",A,42765000
Willy Wonka & the Chocolate Factory,1971,Mel Stuart,Gene Wilder,7.8,178731,100,"Family, Fantasy, Musical",U,4000000
Midnight Cowboy,1969,John Schlesinger,Dustin Hoffman,7.8,101124,113,Drama,A,44785053
Wait Until Dark,1967,Terence Young,Audrey Hepburn,7.8,27733,108,Thriller,,17550741
Guess Who's Coming to Dinner,1967,Stanley Kramer,Spencer Tracy,7.8,39642,108,"Comedy, Drama",,56700000
Bonnie and Clyde,1967,Arthur Penn,Warren Beatty,7.8,102415,111,"Action, Biography, Crime",A,
My Fair Lady,1964,George Cukor,Audrey Hepburn,7.8,86525,170,"Drama, Family, Musical",U,72000000
Mary Poppins,1964,Robert Stevenson,Julie Andrews,7.8,158029,139,"Comedy, Family, Fantasy",U,102272727
The Longest Day,1962,Ken Annakin,Andrew Marton,7.8,52141,178,"Action, Drama, History",G,39100000
Jules et Jim,1962,François Truffaut,Jeanne Moreau,7.8,37605,105,"Drama, Romance",,
The Innocents,1961,Jack Clayton,Deborah Kerr,7.8,27007,100,Horror,A,2616000
À bout de souffle,1960,Jean-Luc Godard,Jean-Paul Belmondo,7.8,73251,90,"Crime, Drama",U,336705
Red River,1948,Howard Hawks,Arthur Rosson,7.8,28167,133,"Action, Adventure, Drama",Passed,
Key Largo,1948,John Huston,Humphrey Bogart,7.8,36995,100,"Action, Crime, Drama",,
To Have and Have Not,1944,Howard Hawks,Humphrey Bogart,7.8,31053,100,"Adventure, Comedy, Film-Noir",PG-13,
Shadow of a Doubt,1943,Alfred Hitchcock,Teresa Wright,7.8,59556,108,"Film-Noir, Thriller",PG-13,
Stagecoach,1939,John Ford,John Wayne,7.8,43621,96,"Adventure, Drama, Western",Passed,
The Lady Vanishes,1938,Alfred Hitchcock,Margaret Lockwood,7.8,47400,96,"Mystery, Thriller",,
Bringing Up Baby,1938,Howard Hawks,Katharine Hepburn,7.8,55163,102,"Comedy, Family, Romance",Passed,
Bride of Frankenstein,1935,James Whale,Boris Karloff,7.8,43542,75,"Drama, Horror, Sci-Fi",,4360000
Duck Soup,1933,Leo McCarey,Groucho Marx,7.8,55581,69,"Comedy, Musical, War",,
Scarface: The Shame of the Nation,1932,Howard Hawks,Richard Rosson,7.8,25312,93,"Action, Crime, Drama",PG-13,
Frankenstein,1931,James Whale,Colin Clive,7.8,65341,70,"Drama, Horror, Sci-Fi",Passed,
Roma,2018,Alfonso Cuarón,Yalitza Aparicio,7.7,140375,135,Drama,R,
God's Own Country,2017,Francis Lee,Josh O'Connor,7.7,25198,104,"Drama, Romance",,335609
Deadpool 2,2018,David Leitch,Ryan Reynolds,7.7,478586,119,"Action, Adventure, Comedy",R,324591735
Wind River,2017,Taylor Sheridan,Kelsey Asbille,7.7,205444,107,"Crime, Drama, Mystery",R,33800859
Get Out,2017,Jordan Peele,Daniel Kaluuya,7.7,492851,104,"Horror, Mystery, Thriller",R,176040665
Mission: Impossible - Fallout,2018,Christopher McQuarrie,Tom Cruise,7.7,291257,147,"Action, Adventure, Thriller",UA,220159104
En man som heter Ove,2015,Hannes Holm,Rolf Lassgård,7.7,47444,116,"Comedy, Drama, Romance",PG-13,3358518
What We Do in the Shadows,2014,Jemaine Clement,Taika Waititi,7.7,157498,86,"Comedy, Horror",R,3333000
Omoide no Mânî,2014,James Simone,Hiromasa Yonebayashi,7.7,32798,103,"Animation, Drama, Family",U,765127
The Theory of Everything,2014,James Marsh,Eddie Redmayne,7.7,404182,123,"Biography, Drama, Romance",U,35893537
Kingsman: The Secret Service,2014,Matthew Vaughn,Colin Firth,7.7,590440,129,"Action, Adventure, Comedy",A,128261724
The Fault in Our Stars,2014,Josh Boone,Shailene Woodley,7.7,344312,126,"Drama, Romance",UA,124872350
Me and Earl and the Dying Girl,2015,Alfonso Gomez-Rejon,Thomas Mann,7.7,123210,105,"Comedy, Drama",PG-13,6743776
Birdman or (The Unexpected Virtue of Ignorance),2014,Alejandro G. Iñárritu,Michael Keaton,7.7,580291,119,"Comedy, Drama",A,42340598
La vie d'Adèle,2013,Abdellatif Kechiche,Léa Seydoux,7.7,138741,180,"Drama, Romance",A,2199675
Kai po che!,2013,Abhishek Kapoor,Amit Sadh,7.7,32628,130,"Drama, Sport",U,1122527
The Broken Circle Breakdown,2012,Felix van Groeningen,Veerle Baetens,7.7,39379,111,"Drama, Music, Romance",,175058
Captain America: The Winter Soldier,2014,Anthony Russo,Joe Russo,7.7,736182,136,"Action, Adventure, Sci-Fi",UA,259766572
Rockstar,2011,Imtiaz Ali,Ranbir Kapoor,7.7,39501,159,"Drama, Music, Musical",UA,985912
Nebraska,2013,Alexander Payne,Bruce Dern,7.7,112298,115,"Adventure, Comedy, Drama",UA,17654912
Wreck-It Ralph,2012,Rich Moore,John C. Reilly,7.7,380195,101,"Animation, Adventure, Comedy",U,189422889
Le Petit Prince,2015,Mark Osborne,Jeff Bridges,7.7,56720,108,"Animation, Adventure, Drama",PG-13,1339152
Detachment,2011,Tony Kaye,Adrien Brody,7.7,77071,98,Drama,,71177
Midnight in Paris,2011,Woody Allen,Owen Wilson,7.7,388089,96,"Comedy, Fantasy, Romance",PG-13,56816662
The Lego Movie,2014,Christopher Miller,Phil Lord,7.7,323982,100,"Animation, Action, Adventure",U,257760692
Gravity,2013,Alfonso Cuarón,Sandra Bullock,7.7,769145,91,"Drama, Sci-Fi, Thriller",UA,274092705
Star Trek Into Darkness,2013,J.J. Abrams,Chris Pine,7.7,463188,132,"Action, Adventure, Sci-Fi",UA,228778661
Beasts of No Nation,2015,Cary Joji Fukunaga,Abraham Attah,7.7,73964,137,"Drama, War",,83861
The Social Network,2010,David Fincher,Jesse Eisenberg,7.7,624982,120,"Biography, Drama",UA,96962694
X: First Class,2011,Matthew Vaughn,James McAvoy,7.7,645512,131,"Action, Adventure, Sci-Fi",UA,146408305
The Hangover,2009,Todd Phillips,Zach Galifianakis,7.7,717559,100,Comedy,UA,277322503
Skyfall,2012,Sam Mendes,Daniel Craig,7.7,630614,143,"Action, Adventure, Thriller",UA,304360277
Silver Linings Playbook,2012,David O. Russell,Bradley Cooper,7.7,661871,122,"Comedy, Drama, Romance",A,132092958
Argo,2012,Ben Affleck,Ben Affleck,7.7,572581,120,"Biography, Drama, Thriller",A,136025503
(500) Days of Summer,2009,Marc Webb,Zooey Deschanel,7.7,472242,95,"Comedy, Drama, Romance",UA,32391374
Harry Potter and the Deathly Hallows: Part 1,2010,David Yates,Daniel Radcliffe,7.7,479120,146,"Adventure, Family, Fantasy",A,295983305
Gake no ue no Ponyo,2008,Hayao Miyazaki,Cate Blanchett,7.7,125317,101,"Animation, Adventure, Comedy",U,15090400
Frost/Nixon,2008,Ron Howard,Frank Langella,7.7,103330,122,"Biography, Drama, History",R,18593156
Papurika,2006,Satoshi Kon,Megumi Hayashibara,7.7,71379,90,"Animation, Drama, Fantasy",U,881302
Changeling,2008,Clint Eastwood,Angelina Jolie,7.7,239203,141,"Biography, Crime, Drama",R,35739802
Flipped,2010,Rob Reiner,Madeline Carroll,7.7,81446,90,"Comedy, Drama, Romance",PG-13,1752214
Toki o kakeru shôjo,2006,Mamoru Hosoda,Riisa Naka,7.7,60368,98,"Animation, Adventure, Comedy",U,
Death Note: Desu nôto,2006,Shûsuke Kaneko,Tatsuya Fujiwara,7.7,28630,126,"Crime, Drama, Fantasy",,
This Is England,2006,Shane Meadows,Thomas Turgoose,7.7,115576,101,"Crime, Drama",,327919
Ex Machina,2014,Alex Garland,Alicia Vikander,7.7,474141,108,"Drama, Sci-Fi, Thriller",UA,25442958
Efter brylluppet,2006,Susanne Bier,Mads Mikkelsen,7.7,32001,120,Drama,R,412544
The Last King of Scotland,2006,Kevin Macdonald,James McAvoy,7.7,175355,123,"Biography, Drama, History",R,17605861
Zodiac,2007,David Fincher,Jake Gyllenhaal,7.7,466080,157,"Crime, Drama, Mystery",UA,33080084
Lucky Number Slevin,2006,Paul McGuigan,Josh Hartnett,7.7,299524,110,"Action, Crime, Drama",R,22494487
Joyeux Noël,2005,Christian Carion,Diane Kruger,7.7,28003,116,"Drama, History, Music",PG-13,1054361
Control,2007,Anton Corbijn,Sam Riley,7.7,61609,122,"Biography, Drama, Music",R,871577
Tangled,2010,Nathan Greno,Byron Howard,7.7,405922,100,"Animation, Adventure, Comedy",U,200821936
Zwartboek,2006,Paul Verhoeven,Carice van Houten,7.7,72643,145,"Drama, Thriller, War",R,4398392
Brokeback Mountain,2005,Ang Lee,Jake Gyllenhaal,7.7,323103,134,"Drama, Romance",A,83043761
3:10 to Yuma,2007,James Mangold,Russell Crowe,7.7,288797,122,"Action, Crime, Drama",A,53606916
Crash,2004,Paul Haggis,Don Cheadle,7.7,419483,112,"Crime, Drama, Thriller",UA,54580300
Kung fu,2004,Stephen Chow,Stephen Chow,7.7,127250,99,"Action, Comedy, Fantasy",UA,17108591
The Bourne Supremacy,2004,Paul Greengrass,Matt Damon,7.7,434841,108,"Action, Mystery, Thriller",A,176241941
The Machinist,2004,Brad Anderson,Christian Bale,7.7,358432,101,"Drama, Thriller",R,1082715
Ray,2004,Taylor Hackford,Jamie Foxx,7.7,138356,152,"Biography, Drama, Music",A,75331600
Lost in Translation,2003,Sofia Coppola,Bill Murray,7.7,415074,102,"Comedy, Drama",UA,44585453
Harry Potter and the Goblet of Fire,2005,Mike Newell,Daniel Radcliffe,7.7,548619,157,"Adventure, Family, Fantasy",UA,290013036
Man on Fire,2004,Tony Scott,Denzel Washington,7.7,329592,146,"Action, Crime, Drama",UA,77911774
Coraline,2009,Henry Selick,Dakota Fanning,7.7,197761,100,"Animation, Drama, Family",U,75286229
The Last Samurai,2003,Edward Zwick,Tom Cruise,7.7,400049,154,"Action, Drama",UA,111110575
The Magdalene Sisters,2002,Peter Mullan,Eileen Walsh,7.7,25938,114,Drama,R,4890878
Good Bye Lenin!,2003,Wolfgang Becker,Daniel Brühl,7.7,137981,121,"Comedy, Drama, Romance",R,4064200
In America,2002,Jim Sheridan,Paddy Considine,7.7,40403,105,Drama,PG-13,15539266
I Am Sam,2001,Jessie Nelson,Sean Penn,7.7,142863,132,Drama,PG-13,40311852
Adaptation.,2002,Spike Jonze,Nicolas Cage,7.7,178565,115,"Comedy, Drama",R,22245861
Black Hawk Down,2001,Ridley Scott,Josh Hartnett,7.7,364254,144,"Drama, History, War",A,108638745
Road to Perdition,2002,Sam Mendes,Tom Hanks,7.7,246840,117,"Crime, Drama, Thriller",A,104454762
Das Experiment,2001,Oliver Hirschbiegel,Moritz Bleibtreu,7.7,90842,120,"Drama, Thriller",R,141072
Billy Elliot,2000,Stephen Daldry,Jamie Bell,7.7,126770,110,"Drama, Music",R,21995263
Hedwig and the Angry Inch,2001,John Cameron Mitchell,John Cameron Mitchell,7.7,31957,95,"Comedy, Drama, Music",R,3029081
Ocean's Eleven,2001,Steven Soderbergh,George Clooney,7.7,516372,116,"Crime, Thriller",UA,183417150
Vampire Hunter D: Bloodlust,2000,Yoshiaki Kawajiri,Andrew Philpot,7.7,29210,103,"Animation, Action, Fantasy",U,151086
"O Brother, Where Art Thou?",2000,Joel Coen,Ethan Coen,7.7,286742,107,"Adventure, Comedy, Crime",U,45512588
Interstate 60: Episodes of the Road,2002,Bob Gale,James Marsden,7.7,29999,116,"Adventure, Comedy, Drama",R,
"South Park: Bigger, Longer & Uncut",1999,Trey Parker,Trey Parker,7.7,192112,81,"Animation, Comedy, Fantasy",A,52037603
Office Space,1999,Mike Judge,Ron Livingston,7.7,241575,89,Comedy,R,10824921
Happiness,1998,Todd Solondz,Jane Adams,7.7,66408,134,"Comedy, Drama",,2807390
Training Day,2001,Antoine Fuqua,Denzel Washington,7.7,390247,122,"Crime, Drama, Thriller",A,76631907
Rushmore,1998,Wes Anderson,Jason Schwartzman,7.7,169229,93,"Comedy, Drama, Romance",UA,17105219
Abre los ojos,1997,Alejandro Amenábar,Eduardo Noriega,7.7,64082,119,"Drama, Mystery, Sci-Fi",U,368234
Being John Malkovich,1999,Spike Jonze,John Cusack,7.7,312542,113,"Comedy, Drama, Fantasy",R,22858926
As Good as It Gets,1997,James L. Brooks,Jack Nicholson,7.7,275755,139,"Comedy, Drama, Romance",A,148478011
The Fifth Element,1997,Luc Besson,Bruce Willis,7.7,434125,126,"Action, Adventure, Sci-Fi",UA,63540020
Le dîner de cons,1998,Francis Veber,Thierry Lhermitte,7.7,37424,80,Comedy,PG-13,4065116
Donnie Brasco,1997,Mike Newell,Al Pacino,7.7,279318,127,"Biography, Crime, Drama",A,41909762
Shine,1996,Scott Hicks,Geoffrey Rush,7.7,51350,105,"Biography, Drama, Music",U,35811509
Primal Fear,1996,Gregory Hoblit,Richard Gere,7.7,189716,129,"Crime, Drama, Mystery",A,56116183
Hamlet,1996,Kenneth Branagh,Kenneth Branagh,7.7,35991,242,Drama,PG-13,4414535
A Little Princess,1995,Alfonso Cuarón,Liesel Matthews,7.7,32236,97,"Drama, Family, Fantasy",U,10019307
Do lok tin si,1995,Kar-Wai Wong,Leon Lai,7.7,26429,99,"Comedy, Crime, Drama",UA,
Il postino,1994,Michael Radford,Massimo Troisi,7.7,33600,108,"Biography, Comedy, Drama",U,21848932
Clerks,1994,Kevin Smith,Brian O'Halloran,7.7,211450,92,Comedy,R,3151130
Short Cuts,1993,Robert Altman,Andie MacDowell,7.7,42275,188,"Comedy, Drama",R,6110979
Philadelphia,1993,Jonathan Demme,Tom Hanks,7.7,224169,125,Drama,UA,77324422
The Muppet Christmas Carol,1992,Brian Henson,Michael Caine,7.7,50298,85,"Comedy, Drama, Family",G,27281507
Malcolm X,1992,Spike Lee,Denzel Washington,7.7,85819,202,"Biography, Drama, History",U,48169908
The Last of the Mohicans,1992,Michael Mann,Daniel Day-Lewis,7.7,150409,112,"Action, Adventure, Drama",UA,75505856
Kurenai no buta,1992,Hayao Miyazaki,Shûichirô Moriyama,7.7,77798,94,"Animation, Adventure, Comedy",U,
Glengarry Glen Ross,1992,James Foley,Al Pacino,7.7,95826,100,"Crime, Drama, Mystery",R,10725228
A Few Good Men,1992,Rob Reiner,Tom Cruise,7.7,235388,138,"Drama, Thriller",U,141340178
Fried Green Tomatoes,1991,Jon Avnet,Kathy Bates,7.7,66941,130,Drama,PG-13,82418501
Barton Fink,1991,Joel Coen,Ethan Coen,7.7,113240,116,"Comedy, Drama, Thriller",U,6153939
Miller's Crossing,1990,Joel Coen,Ethan Coen,7.7,125822,115,"Crime, Drama, Thriller",R,5080409
Who Framed Roger Rabbit,1988,Robert Zemeckis,Bob Hoskins,7.7,182009,104,"Animation, Adventure, Comedy",U,156452370
Spoorloos,1988,George Sluizer,Bernard-Pierre Donnadieu,7.7,33982,107,"Mystery, Thriller",,
Withnail & I,1987,Bruce Robinson,Richard E. Grant,7.7,40396,107,"Comedy, Drama",R,1544889
The Last Emperor,1987,Bernardo Bertolucci,John Lone,7.7,94326,163,"Biography, Drama, History",U,43984230
Empire of the Sun,1987,Steven Spielberg,Christian Bale,7.7,115677,153,"Action, Drama, History",U,22238696
Der Name der Rose,1986,Jean-Jacques Annaud,Sean Connery,7.7,102031,130,"Crime, Drama, Mystery",R,7153487
Blue Velvet,1986,David Lynch,Isabella Rossellini,7.7,181285,120,"Drama, Mystery, Thriller",A,8551228
The Purple Rose of Cairo,1985,Woody Allen,Mia Farrow,7.7,47102,82,"Comedy, Fantasy, Romance",U,10631333
After Hours,1985,Martin Scorsese,Griffin Dunne,7.7,59635,97,"Comedy, Crime, Drama",UA,10600000
Zelig,1983,Woody Allen,Woody Allen,7.7,39881,79,Comedy,PG-13,11798616
The Verdict,1982,Sidney Lumet,Paul Newman,7.7,36096,129,Drama,U,54000000
Star Trek II: The Wrath of Khan,1982,Nicholas Meyer,William Shatner,7.7,112704,113,"Action, Adventure, Sci-Fi",U,78912963
First Blood,1982,Ted Kotcheff,Sylvester Stallone,7.7,226541,93,"Action, Adventure",A,47212904
Ordinary People,1980,Robert Redford,Donald Sutherland,7.7,47099,124,Drama,U,54800000
Airplane!,1980,Jim Abrahams,David Zucker,7.7,214882,88,Comedy,U,83400000
Rupan sansei: Kariosutoro no shiro,1979,Hayao Miyazaki,Yasuo Yamada,7.7,27014,100,"Animation, Adventure, Family",U,
Halloween,1978,John Carpenter,Donald Pleasence,7.7,233106,91,"Horror, Thriller",A,47000000
Le locataire,1976,Roman Polanski,Roman Polanski,7.7,39889,126,"Drama, Thriller",R,1924733
Love and Death,1975,Woody Allen,Woody Allen,7.7,36037,85,"Comedy, War",PG-13,
The Taking of Pelham One Two Three,1974,Joseph Sargent,Walter Matthau,7.7,26729,104,"Action, Crime, Thriller",U,
Blazing Saddles,1974,Mel Brooks,Cleavon Little,7.7,125993,93,"Comedy, Western",A,119500000
Serpico,1973,Sidney Lumet,Al Pacino,7.7,109941,130,"Biography, Crime, Drama",A,29800000
Enter the Dragon,1973,Robert Clouse,Bruce Lee,7.7,96561,102,"Action, Crime, Drama",A,25000000
Deliverance,1972,John Boorman,Jon Voight,7.7,98740,109,"Adventure, Drama, Thriller",U,7056013
The French Connection,1971,William Friedkin,Gene Hackman,7.7,110075,104,"Action, Crime, Drama",A,15630710
Dirty Harry,1971,Don Siegel,Clint Eastwood,7.7,143292,102,"Action, Crime, Thriller",A,35900000
Where Eagles Dare,1968,Brian G. Hutton,Richard Burton,7.7,51913,158,"Action, Adventure, War",U,
The Odd Couple,1968,Gene Saks,Jack Lemmon,7.7,31572,105,Comedy,G,44527234
The Dirty Dozen,1967,Robert Aldrich,Lee Marvin,7.7,67183,150,"Action, Adventure, War",,45300000
Belle de jour,1967,Luis Buñuel,Catherine Deneuve,7.7,40274,100,"Drama, Romance",A,26331
A Man for All Seasons,1966,Fred Zinnemann,Paul Scofield,7.7,31222,120,"Biography, Drama, History",U,28350000
Repulsion,1965,Roman Polanski,Catherine Deneuve,7.7,48883,105,"Drama, Horror, Thriller",,
Zulu,1964,Cy Endfield,Stanley Baker,7.7,35999,138,"Drama, History, War",U,
Goldfinger,1964,Guy Hamilton,Sean Connery,7.7,174119,110,"Action, Adventure, Thriller",A,51081062
The Birds,1963,Alfred Hitchcock,Rod Taylor,7.7,171739,119,"Drama, Horror, Mystery",A,11403529
Cape Fear,1962,J. Lee Thompson,Gregory Peck,7.7,26457,106,"Drama, Thriller",Passed,
Peeping Tom,1960,Michael Powell,Karlheinz Böhm,7.7,31354,101,"Drama, Horror, Thriller",,83957
The Magnificent Seven,1960,John Sturges,Yul Brynner,7.7,87719,128,"Action, Adventure, Western",Approved,4905000
Les yeux sans visage,1960,Georges Franju,Pierre Brasseur,7.7,27620,90,"Drama, Horror",,52709
Invasion of the Body Snatchers,1956,Don Siegel,Kevin McCarthy,7.7,44839,80,"Drama, Horror, Sci-Fi",Approved,
Rebel Without a Cause,1955,Nicholas Ray,James Dean,7.7,83363,111,Drama,PG-13,
The Ladykillers,1955,Alexander Mackendrick,Alec Guinness,7.7,26464,91,"Comedy, Crime",,
Sabrina,1954,Billy Wilder,Humphrey Bogart,7.7,59415,113,"Comedy, Drama, Romance",Passed,
The Quiet Man,1952,John Ford,John Wayne,7.7,34677,129,"Comedy, Drama, Romance",Passed,10550000
The Day the Earth Stood Still,1951,Robert Wise,Michael Rennie,7.7,76315,92,"Drama, Sci-Fi",U,
The African Queen,1951,John Huston,Humphrey Bogart,7.7,71481,105,"Adventure, Drama, Romance",PG-13,536118
Gilda,1946,Charles Vidor,Rita Hayworth,7.7,27991,110,"Drama, Film-Noir, Romance",Approved,
Fantasia,1940,James Algar,Samuel Armstrong,7.7,88662,125,"Animation, Family, Fantasy",G,76408097
The Invisible Man,1933,James Whale,Claude Rains,7.7,30683,71,"Horror, Sci-Fi",UA,
Dark Waters,2019,Todd Haynes,Mark Ruffalo,7.6,60408,126,"Biography, Drama, History",PG-13,
Searching,2018,Aneesh Chaganty,John Cho,7.6,140840,102,"Drama, Mystery, Thriller",U/A,26020957
Once Upon a Time... in Hollywood,2019,Quentin Tarantino,Leonardo DiCaprio,7.6,551309,161,"Comedy, Drama",A,142502728
Nelyubov,2017,Andrey Zvyagintsev,Maryana Spivak,7.6,29765,127,Drama,R,566356
The Florida Project,2017,Sean Baker,Brooklynn Prince,7.6,95181,111,Drama,A,5904366
Just Mercy,2019,Destin Daniel Cretton,Michael B. Jordan,7.6,46739,137,"Biography, Crime, Drama",A,
Gifted,2017,Marc Webb,Chris Evans,7.6,99643,101,Drama,PG-13,24801212
The Peanut Butter Falcon,2019,Tyler Nilson,Michael Schwartz,7.6,66346,97,"Adventure, Comedy, Drama",PG-13,13122642
Victoria,2015,Sebastian Schipper,Laia Costa,7.6,52903,138,"Crime, Drama, Romance",,
Mustang,2015,Deniz Gamze Ergüven,Günes Sensoy,7.6,35785,97,Drama,PG-13,845464
Guardians of the Galaxy Vol. 2,2017,James Gunn,Chris Pratt,7.6,569974,136,"Action, Adventure, Comedy",UA,389813101
Baby Driver,2017,Edgar Wright,Ansel Elgort,7.6,439406,113,"Action, Crime, Drama",UA,107825862
Only the Brave,2017,Joseph Kosinski,Josh Brolin,7.6,58371,134,"Action, Biography, Drama",UA,18340051
Bridge of Spies,2015,Steven Spielberg,Tom Hanks,7.6,287659,142,"Drama, History, Thriller",UA,72313754
Incredibles 2,2018,Brad Bird,Craig T. Nelson,7.6,250057,118,"Animation, Action, Adventure",UA,608581744
Moana,2016,Ron Clements,John Musker,7.6,272784,107,"Animation, Adventure, Comedy",U,248757044
Sicario,2015,Denis Villeneuve,Emily Blunt,7.6,371291,121,"Action, Crime, Drama",A,46889293
Creed,2015,Ryan Coogler,Michael B. Jordan,7.6,247666,133,"Drama, Sport",A,109767581
Leviafan,2014,Andrey Zvyagintsev,Aleksey Serebryakov,7.6,49397,140,"Crime, Drama",R,1092800
Hell or High Water,2016,David Mackenzie,Chris Pine,7.6,204175,102,"Action, Crime, Drama",R,26862450
Philomena,2013,Stephen Frears,Judi Dench,7.6,94212,98,"Biography, Comedy, Drama",PG-13,37707719
Dawn of the Planet of the Apes,2014,Matt Reeves,Gary Oldman,7.6,411599,130,"Action, Adventure, Drama",UA,208545589
El cuerpo,2012,Oriol Paulo,Jose Coronado,7.6,57549,112,"Mystery, Thriller",,
Serbuan maut,2011,Gareth Evans,Iko Uwais,7.6,190531,101,"Action, Thriller",A,4105123
End of Watch,2012,David Ayer,Jake Gyllenhaal,7.6,228132,109,"Action, Crime, Drama",A,41003371
Kari-gurashi no Arietti,2010,Hiromasa Yonebayashi,Amy Poehler,7.6,80939,94,"Animation, Adventure, Family",U,19202743
A Star Is Born,2018,Bradley Cooper,Lady Gaga,7.6,334312,136,"Drama, Music, Romance",UA,215288866
True Grit,2010,Ethan Coen,Joel Coen,7.6,311822,110,"Drama, Western",PG-13,171243005
Hævnen,2010,Susanne Bier,Mikael Persbrandt,7.6,38491,118,"Drama, Romance",R,1008098
Despicable Me,2010,Pierre Coffin,Chris Renaud,7.6,500851,95,"Animation, Comedy, Crime",U,251513985
50/50,2011,Jonathan Levine,Joseph Gordon-Levitt,7.6,315426,100,"Comedy, Drama, Romance",R,35014192
Kick-Ass,2010,Matthew Vaughn,Aaron Taylor-Johnson,7.6,524081,117,"Action, Comedy, Crime",UA,48071303
Celda 211,2009,Daniel Monzón,Luis Tosar,7.6,63882,113,"Action, Adventure, Crime",,
Moneyball,2011,Bennett Miller,Brad Pitt,7.6,369529,133,"Biography, Drama, Sport",PG-13,75605492
La piel que habito,2011,Pedro Almodóvar,Antonio Banderas,7.6,138959,120,"Drama, Horror, Thriller",R,3185812
Zombieland,2009,Ruben Fleischer,Jesse Eisenberg,7.6,520041,88,"Adventure, Comedy, Fantasy",A,75590286
Die Welle,2008,Dennis Gansel,Jürgen Vogel,7.6,102742,107,"Drama, Thriller",,
Sherlock Holmes,2009,Guy Ritchie,Robert Downey Jr.,7.6,583158,128,"Action, Adventure, Mystery",PG-13,209028679
The Blind Side,2009,John Lee Hancock,Quinton Aaron,7.6,293266,129,"Biography, Drama, Sport",UA,255959475
The Visitor,2007,Tom McCarthy,Richard Jenkins,7.6,41544,104,Drama,PG-13,9422422
Seven Pounds,2008,Gabriele Muccino,Will Smith,7.6,286770,123,Drama,UA,69951824
Eastern Promises,2007,David Cronenberg,Naomi Watts,7.6,227760,100,"Action, Crime, Drama",R,17114882
Stardust,2007,Matthew Vaughn,Charlie Cox,7.6,255036,127,"Adventure, Family, Fantasy",U,38634938
The Secret of Kells,2009,Tomm Moore,Nora Twomey,7.6,31779,71,"Animation, Adventure, Family",,686383
Inside Man,2006,Spike Lee,Denzel Washington,7.6,339757,129,"Crime, Drama, Mystery",R,88513495
Gone Baby Gone,2007,Ben Affleck,Morgan Freeman,7.6,250590,114,"Crime, Drama, Mystery",R,20300218
La Vie En Rose,2007,Olivier Dahan,Marion Cotillard,7.6,82781,140,"Biography, Drama, Music",PG-13,10301706
Huo Yuan Jia,2006,Ronny Yu,Jet Li,7.6,72863,104,"Action, Biography, Drama",PG-13,24633730
The Illusionist,2006,Neil Burger,Edward Norton,7.6,354728,110,"Drama, Fantasy, Mystery",U,39868642
Dead Man's Shoes,2004,Shane Meadows,Paddy Considine,7.6,49728,90,"Crime, Drama, Thriller",,6013
Harry Potter and the Half-Blood Prince,2009,David Yates,Daniel Radcliffe,7.6,474827,153,"Action, Adventure, Family",UA,301959197
300,2006,Zack Snyder,Gerard Butler,7.6,732876,117,"Action, Drama",A,210614939
Match Point,2005,Woody Allen,Scarlett Johansson,7.6,206294,124,"Drama, Romance, Thriller",R,23089926
Watchmen,2009,Zack Snyder,Jackie Earle Haley,7.6,500799,162,"Action, Drama, Mystery",A,107509799
Lord of War,2005,Andrew Niccol,Nicolas Cage,7.6,294140,122,"Action, Crime, Drama",R,24149632
Saw,2004,James Wan,Cary Elwes,7.6,379020,103,"Horror, Mystery, Thriller",UA,56000369
"Synecdoche, New York",2008,Charlie Kaufman,Philip Seymour Hoffman,7.6,83158,124,Drama,R,3081925
Mysterious Skin,2004,Gregg Araki,Brady Corbet,7.6,65939,105,Drama,R,697181
Jeux d'enfants,2003,Yann Samuell,Guillaume Canet,7.6,67360,93,"Comedy, Drama, Romance",R,548707
Un long dimanche de fiançailles,2004,Jean-Pierre Jeunet,Audrey Tautou,7.6,70925,133,"Drama, Mystery, Romance",U,6167817
The Station Agent,2003,Tom McCarthy,Peter Dinklage,7.6,67370,89,"Comedy, Drama",R,5739376
21 Grams,2003,Alejandro G. Iñárritu,Sean Penn,7.6,224545,124,"Crime, Drama, Thriller",UA,16290476
Boksuneun naui geot,2002,Chan-wook Park,Kang-ho Song,7.6,62659,129,"Crime, Drama, Thriller",R,45289
Finding Neverland,2004,Marc Forster,Johnny Depp,7.6,198677,106,"Biography, Drama, Family",U,51680613
25th Hour,2002,Spike Lee,Edward Norton,7.6,169708,135,Drama,R,13060843
The Butterfly Effect,2004,Eric Bress,J. Mackye Gruber,7.6,451479,113,"Drama, Sci-Fi, Thriller",U,57938693
28 Days Later...,2002,Danny Boyle,Cillian Murphy,7.6,376853,113,"Drama, Horror, Sci-Fi",A,45064915
Batoru rowaiaru,2000,Kinji Fukasaku,Tatsuya Fujiwara,7.6,169091,114,"Action, Adventure, Drama",,
The Royal Tenenbaums,2001,Wes Anderson,Gene Hackman,7.6,266842,110,"Comedy, Drama",A,52364010
Y tu mamá también,2001,Alfonso Cuarón,Maribel Verdú,7.6,115827,106,Drama,A,13622333
Harry Potter and the Sorcerer's Stone,2001,Chris Columbus,Daniel Radcliffe,7.6,658185,152,"Adventure, Family, Fantasy",U,317575550
The Others,2001,Alejandro Amenábar,Nicole Kidman,7.6,337651,101,"Horror, Mystery, Thriller",PG-13,96522687
Blow,2001,Ted Demme,Johnny Depp,7.6,240714,124,"Biography, Crime, Drama",R,52990775
Enemy at the Gates,2001,Jean-Jacques Annaud,Jude Law,7.6,243729,131,"Drama, History, War",A,51401758
Minority Report,2002,Steven Spielberg,Tom Cruise,7.6,508417,145,"Action, Crime, Mystery",A,132072926
The Hurricane,1999,Norman Jewison,Denzel Washington,7.6,91557,146,"Biography, Drama, Sport",R,50668906
American Psycho,2000,Mary Harron,Christian Bale,7.6,490062,101,"Comedy, Crime, Drama",A,15070285
Lola rennt,1998,Tom Tykwer,Franka Potente,7.6,188317,81,"Crime, Drama, Thriller",UA,7267585
The Thin Red Line,1998,Terrence Malick,Jim Caviezel,7.6,172710,170,"Drama, War",A,36400491
Mulan,1998,Tony Bancroft,Barry Cook,7.6,256906,88,"Animation, Adventure, Family",U,120620254
Fear and Loathing in Las Vegas,1998,Terry Gilliam,Johnny Depp,7.6,259753,118,"Adventure, Comedy, Drama",R,10680275
Funny Games,1997,Michael Haneke,Susanne Lothar,7.6,65058,108,"Crime, Drama, Thriller",A,
Dark City,1998,Alex Proyas,Rufus Sewell,7.6,187927,100,"Mystery, Sci-Fi, Thriller",A,14378331
Sleepers,1996,Barry Levinson,Robert De Niro,7.6,186734,147,"Crime, Drama, Thriller",UA,49100000
Lost Highway,1997,David Lynch,Bill Pullman,7.6,131101,134,"Mystery, Thriller",A,3796699
Sense and Sensibility,1995,Ang Lee,Emma Thompson,7.6,102598,136,"Drama, Romance",U,43182776
Die Hard: With a Vengeance,1995,John McTiernan,Bruce Willis,7.6,364420,128,"Action, Adventure, Thriller",A,100012499
Dead Man,1995,Jim Jarmusch,Johnny Depp,7.6,90442,121,"Adventure, Drama, Fantasy",R,1037847
The Bridges of Madison County,1995,Clint Eastwood,Clint Eastwood,7.6,73172,135,"Drama, Romance",A,71516617
Apollo 13,PG,Ron Howard,Tom Hanks,7.6,269197,140,"Adventure, Drama, History",U,173837933
Trois couleurs: Blanc,1994,Krzysztof Kieslowski,Zbigniew Zamachowski,7.6,64390,92,"Comedy, Drama, Romance",U,1464625
Falling Down,1993,Joel Schumacher,Michael Douglas,7.6,171640,113,"Action, Crime, Drama",R,40903593
Dazed and Confused,1993,Richard Linklater,Jason London,7.6,165465,102,Comedy,U,7993039
My Cousin Vinny,1992,Jonathan Lynn,Joe Pesci,7.6,107325,120,"Comedy, Crime",UA,52929168
Omohide poro poro,1991,Isao Takahata,Miki Imai,7.6,27071,118,"Animation, Drama, Romance",U,453243
Delicatessen,1991,Marc Caro,Jean-Pierre Jeunet,7.6,80487,99,"Comedy, Crime",R,1794187
Home Alone,1990,Chris Columbus,Macaulay Culkin,7.6,488817,103,"Comedy, Family",U,285761243
The Godfather: Part III,1990,Francis Ford Coppola,Al Pacino,7.6,359809,162,"Crime, Drama",A,66666062
When Harry Met Sally...,1989,Rob Reiner,Billy Crystal,7.6,195663,95,"Comedy, Drama, Romance",UA,92823600
The Little Mermaid,1989,Ron Clements,John Musker,7.6,237696,83,"Animation, Family, Fantasy",U,111543479
The Naked Gun: From the Files of Police Squad!,1988,David Zucker,Leslie Nielsen,7.6,152871,85,"Comedy, Crime",U,78756177
"Planes, Trains & Automobiles",1987,John Hughes,Steve Martin,7.6,124773,93,"Comedy, Drama",U,49530280
Lethal Weapon,1987,Richard Donner,Mel Gibson,7.6,236894,109,"Action, Crime, Thriller",A,65207127
Blood Simple,1984,Joel Coen,Ethan Coen,7.6,87745,99,"Crime, Drama, Thriller",A,2150000
On Golden Pond,1981,Mark Rydell,Katharine Hepburn,7.6,27650,109,Drama,UA,119285432
Mad Max 2,1981,George Miller,Mel Gibson,7.6,166588,96,"Action, Adventure, Sci-Fi",A,12465371
The Warriors,1979,Walter Hill,Michael Beck,7.6,93878,92,"Action, Crime, Thriller",UA,22490039
The Muppet Movie,1979,James Frawley,Jim Henson,7.6,32802,95,"Adventure, Comedy, Family",U,76657000
Escape from Alcatraz,1979,Don Siegel,Clint Eastwood,7.6,121731,112,"Action, Biography, Crime",A,43000000
Watership Down,1978,Martin Rosen,John Hubley,7.6,33656,91,"Animation, Adventure, Drama",U,
Midnight Express,1978,Alan Parker,Brad Davis,7.6,73662,121,"Biography, Crime, Drama",A,35000000
Close Encounters of the Third Kind,1977,Steven Spielberg,Richard Dreyfuss,7.6,184966,138,"Drama, Sci-Fi",U,132088635
The Long Goodbye,1973,Robert Altman,Elliott Gould,7.6,26337,112,"Comedy, Crime, Drama",A,959000
Giù la testa,1971,Sergio Leone,Rod Steiger,7.6,30144,157,"Drama, War, Western",PG-13,696690
Kelly's Heroes,1970,Brian G. Hutton,Clint Eastwood,7.6,45338,144,"Adventure, Comedy, War",GP,1378435
The Jungle Book,1967,Wolfgang Reitherman,Phil Harris,7.6,166409,78,"Animation, Adventure, Family",U,141843612
Blowup,1966,Michelangelo Antonioni,David Hemmings,7.6,56513,111,"Drama, Mystery, Thriller",A,
A Hard Day's Night,1964,Richard Lester,John Lennon,7.6,40351,87,"Comedy, Music, Musical",U,13780024
Breakfast at Tiffany's,1961,Blake Edwards,Audrey Hepburn,7.6,166544,115,"Comedy, Drama, Romance",A,
Giant,1956,George Stevens,Elizabeth Taylor,7.6,34075,201,"Drama, Western",G,
From Here to Eternity,1953,Fred Zinnemann,Burt Lancaster,7.6,43374,118,"Drama, Romance, War",Passed,30500000
Lifeboat,1944,Alfred Hitchcock,Tallulah Bankhead,7.6,26471,97,"Drama, War",,
The 39 Steps,1935,Alfred Hitchcock,Robert Donat,7.6,51853,86,"Crime, Mystery, Thriller",,
